{"type":"FeatureCollection","features":[{"type":"Feature","geometry":{"type":"Polygon","coordinates":[[[121.56598,25.21492],[121.56705,25.21625],[121.56773,25.21791],[121.5705,25.21949],[121.57115,25.22019],[121.57335,25.22074],[121.57451,25.22044],[121.57827,25.22091],[121.57955,25.2218],[121.58,25.22263],[121.58098,25.22317],[121.58194,25.22518],[121.58154,25.22826],[121.58295,25.23175],[121.58848,25.23685],[121.59021,25.238],[121.59131,25.23956],[121.5931,25.24095],[121.59375,25.24216],[121.59812,25.24327],[121.59995,25.24674],[121.60004,25.24878],[121.60325,25.2521],[121.60961,25.25356],[121.61325,25.2534],[121.61636,25.25253],[121.61718,25.25278],[121.6185,25.25394],[121.61881,25.25523],[121.61854,25.25986],[121.61942,25.26242],[121.61779,25.2634],[121.61691,25.26458],[121.61653,25.26593],[121.61493,25.26663],[121.61563,25.27055],[121.61678,25.27293],[121.61743,25.27346],[121.61927,25.27391],[121.62014,25.27508],[121.61787,25.27731],[121.61466,25.27938],[121.61174,25.27987],[121.61043,25.28067],[121.60848,25.28073],[121.60708,25.28136],[121.60628,25.28214],[121.60614,25.28366],[121.60584,25.28405],[121.60232,25.2868],[121.59688,25.28986],[121.59216,25.29132],[121.59285,25.29204],[121.59386,25.29204],[121.59396,25.29248],[121.59245,25.29243],[121.5913,25.29144],[121.58838,25.29166],[121.58689,25.29208],[121.58162,25.29595],[121.5803,25.29651],[121.57842,25.2979],[121.57732,25.29816],[121.57401,25.29835],[121.57188,25.29776],[121.56859,25.29752],[121.56759,25.29698],[121.56668,25.29579],[121.56765,25.29477],[121.56754,25.29399],[121.5671,25.29393],[121.56704,25.29453],[121.5664,25.29447],[121.56656,25.29356],[121.56511,25.29265],[121.56335,25.29297],[121.5597,25.29176],[121.55364,25.29298],[121.5531,25.29284],[121.55159,25.29128],[121.54864,25.29092],[121.54829,25.29106],[121.54864,25.29166],[121.54688,25.29195],[121.54511,25.29271],[121.54464,25.29259],[121.54033,25.2952],[121.54079,25.2974],[121.53902,25.29804],[121.53788,25.30003],[121.53748,25.30006],[121.53403,25.29678],[121.53348,25.29586],[121.53349,25.29448],[121.53413,25.2932],[121.53496,25.29288],[121.53497,25.29111],[121.53532,25.29082],[121.53487,25.29031],[121.53353,25.29109],[121.53424,25.28977],[121.53348,25.28877],[121.53194,25.28846],[121.53082,25.28773],[121.53024,25.2869],[121.52896,25.28654],[121.52722,25.28528],[121.52372,25.28605],[121.5221,25.28604],[121.51891,25.28397],[121.51628,25.28438],[121.51518,25.28494],[121.51455,25.28467],[121.51367,25.28493],[121.51307,25.28547],[121.51232,25.28723],[121.51225,25.289],[121.51171,25.28891],[121.51184,25.28993],[121.51149,25.29038],[121.5092,25.29017],[121.50887,25.28949],[121.50932,25.28854],[121.50912,25.28757],[121.50996,25.28551],[121.5099,25.28483],[121.50933,25.28483],[121.50933,25.28531],[121.5089,25.28534],[121.50889,25.28449],[121.51065,25.28454],[121.51059,25.28402],[121.50964,25.28334],[121.50746,25.28275],[121.50807,25.27809],[121.50928,25.27721],[121.51183,25.27614],[121.51473,25.27559],[121.51476,25.27464],[121.51791,25.27079],[121.51944,25.26913],[121.52125,25.26818],[121.5243,25.26352],[121.52641,25.26225],[121.52651,25.26063],[121.52747,25.26096],[121.52839,25.26076],[121.52926,25.25986],[121.53053,25.26041],[121.53177,25.26013],[121.53085,25.26317],[121.5309,25.26393],[121.53227,25.2659],[121.53423,25.26553],[121.53621,25.26599],[121.53969,25.26544],[121.54069,25.26572],[121.54167,25.26685],[121.54194,25.26763],[121.54323,25.26793],[121.54641,25.26645],[121.54743,25.26548],[121.54834,25.26578],[121.54973,25.26325],[121.54999,25.26159],[121.54939,25.25985],[121.54788,25.25787],[121.54806,25.2553],[121.54643,25.25355],[121.54752,25.24931],[121.54734,25.24823],[121.54629,25.24612],[121.54529,25.24531],[121.54589,25.24321],[121.5447,25.242],[121.54458,25.24143],[121.54535,25.24087],[121.54642,25.24188],[121.5482,25.24269],[121.55091,25.24525],[121.55213,25.24488],[121.55251,25.24367],[121.55081,25.24235],[121.55223,25.24143],[121.55296,25.24032],[121.55418,25.23935],[121.55452,25.23835],[121.555,25.238],[121.55637,25.23352],[121.5555,25.23075],[121.55599,25.22905],[121.5556,25.22789],[121.55575,25.2273],[121.55753,25.22659],[121.55814,25.2254],[121.55994,25.2237],[121.56255,25.22215],[121.56301,25.22005],[121.56404,25.21875],[121.56506,25.21608],[121.56598,25.21492]]]},"properties":{"TOWNNAME":"石門區"}},{"type":"Feature","geometry":{"type":"Polygon","coordinates":[[[121.52176,25.17912],[121.52608,25.18291],[121.52921,25.18304],[121.53059,25.18359],[121.53347,25.18382],[121.5364,25.18594],[121.53676,25.18709],[121.54064,25.1873],[121.54273,25.18916],[121.54328,25.19408],[121.54487,25.19575],[121.5462,25.19685],[121.54744,25.19723],[121.5481,25.19805],[121.54852,25.19819],[121.55024,25.1972],[121.55074,25.1972],[121.55249,25.19868],[121.5526,25.20084],[121.55155,25.20202],[121.55169,25.20336],[121.5532,25.20432],[121.55342,25.20513],[121.55416,25.2058],[121.55498,25.2083],[121.55739,25.20898],[121.55949,25.21027],[121.56244,25.21405],[121.56419,25.21383],[121.56598,25.21492],[121.56506,25.21608],[121.56404,25.21875],[121.56301,25.22005],[121.56255,25.22215],[121.55994,25.2237],[121.55814,25.2254],[121.55753,25.22659],[121.55575,25.2273],[121.5556,25.22789],[121.55599,25.22905],[121.5555,25.23075],[121.55637,25.23352],[121.555,25.238],[121.55452,25.23835],[121.55418,25.23935],[121.55296,25.24032],[121.55223,25.24143],[121.55081,25.24235],[121.55251,25.24367],[121.55213,25.24488],[121.55091,25.24525],[121.5482,25.24269],[121.54642,25.24188],[121.54535,25.24087],[121.54458,25.24143],[121.5447,25.242],[121.54589,25.24321],[121.54529,25.24531],[121.54629,25.24612],[121.54734,25.24823],[121.54752,25.24931],[121.54643,25.25355],[121.54806,25.2553],[121.54788,25.25787],[121.54939,25.25985],[121.54999,25.26159],[121.54973,25.26325],[121.54834,25.26578],[121.54743,25.26548],[121.54641,25.26645],[121.54323,25.26793],[121.54194,25.26763],[121.54167,25.26685],[121.54069,25.26572],[121.53969,25.26544],[121.53621,25.26599],[121.53423,25.26553],[121.53227,25.2659],[121.5309,25.26393],[121.53085,25.26317],[121.53177,25.26013],[121.53053,25.26041],[121.52926,25.25986],[121.52839,25.26076],[121.52747,25.26096],[121.52651,25.26063],[121.52641,25.26225],[121.5243,25.26352],[121.52125,25.26818],[121.51944,25.26913],[121.51791,25.27079],[121.51476,25.27464],[121.51473,25.27559],[121.51183,25.27614],[121.50928,25.27721],[121.50807,25.27809],[121.50746,25.28275],[121.50619,25.2813],[121.50461,25.28024],[121.5045,25.27937],[121.50391,25.27963],[121.49955,25.2784],[121.49723,25.2782],[121.49516,25.27611],[121.4929,25.27456],[121.48844,25.27322],[121.48794,25.27261],[121.48561,25.27124],[121.48268,25.27054],[121.48144,25.2694],[121.47894,25.26817],[121.47816,25.2675],[121.47783,25.26626],[121.47854,25.2644],[121.47932,25.26403],[121.4791,25.26297],[121.4758,25.26065],[121.47527,25.25998],[121.47546,25.25892],[121.47502,25.25704],[121.47341,25.25636],[121.47176,25.25353],[121.46823,25.2515],[121.46751,25.25162],[121.46563,25.25089],[121.46342,25.25104],[121.46228,25.25041],[121.46112,25.25061],[121.45945,25.2499],[121.45845,25.25008],[121.45669,25.25152],[121.45531,25.25164],[121.45427,25.25135],[121.45162,25.24953],[121.45123,25.24824],[121.44963,25.24601],[121.44915,25.24475],[121.4494,25.24403],[121.45025,25.24431],[121.45407,25.24411],[121.45665,25.24317],[121.45762,25.24211],[121.45774,25.24102],[121.45899,25.24024],[121.4605,25.24001],[121.46314,25.24025],[121.46508,25.23927],[121.47208,25.23868],[121.4766,25.23711],[121.4792,25.23578],[121.48355,25.23428],[121.48929,25.23174],[121.49187,25.23182],[121.49692,25.22992],[121.4976,25.22927],[121.49668,25.22789],[121.49636,25.22652],[121.49708,25.22557],[121.49783,25.22522],[121.5,25.22519],[121.50068,25.22478],[121.50137,25.22403],[121.50137,25.22286],[121.50054,25.22171],[121.49832,25.22172],[121.4986,25.22092],[121.49793,25.21997],[121.497,25.22173],[121.49643,25.22167],[121.49648,25.21909],[121.49838,25.21619],[121.49835,25.21518],[121.49746,25.2137],[121.49599,25.21433],[121.49375,25.21288],[121.49278,25.21182],[121.49136,25.21186],[121.49067,25.21134],[121.48907,25.21089],[121.48775,25.21138],[121.48643,25.21141],[121.48618,25.21107],[121.48529,25.20829],[121.48632,25.20746],[121.48644,25.20694],[121.48556,25.20485],[121.48712,25.20422],[121.48703,25.20382],[121.48912,25.2024],[121.48924,25.20088],[121.48597,25.19932],[121.48572,25.1988],[121.48609,25.19762],[121.48649,25.19722],[121.49142,25.19626],[121.49267,25.19537],[121.49355,25.19407],[121.49356,25.19335],[121.49463,25.19315],[121.49507,25.19163],[121.49549,25.19129],[121.49607,25.1912],[121.49714,25.19188],[121.49975,25.19265],[121.50245,25.19249],[121.50269,25.19149],[121.50354,25.19066],[121.50469,25.19011],[121.50633,25.19004],[121.50757,25.18863],[121.50776,25.18795],[121.5089,25.18749],[121.50997,25.18748],[121.51123,25.18586],[121.512,25.18516],[121.5131,25.18481],[121.51369,25.184],[121.51963,25.18231],[121.52072,25.18023],[121.52176,25.17912]]]},"properties":{"TOWNNAME":"三芝區"}},{"type":"Feature","geometry":{"type":"Polygon","coordinates":[[[121.65005,25.22254],[121.64978,25.22375],[121.65056,25.22406],[121.65046,25.2252],[121.65195,25.22579],[121.65196,25.22731],[121.65413,25.2294],[121.65226,25.22937],[121.65109,25.23086],[121.65108,25.2317],[121.6519,25.23288],[121.65176,25.23322],[121.64852,25.23126],[121.64849,25.23093],[121.64911,25.23062],[121.6489,25.23014],[121.64595,25.23026],[121.64609,25.23099],[121.64576,25.2303],[121.64474,25.23],[121.63869,25.23453],[121.63796,25.2355],[121.63803,25.23641],[121.63678,25.23635],[121.63508,25.2379],[121.63387,25.24039],[121.63405,25.24221],[121.63488,25.24474],[121.63522,25.24994],[121.63378,25.25565],[121.63389,25.25885],[121.6279,25.26764],[121.62572,25.27005],[121.62014,25.27508],[121.61927,25.27391],[121.61743,25.27346],[121.61678,25.27293],[121.61563,25.27055],[121.61493,25.26663],[121.61653,25.26593],[121.61691,25.26458],[121.61779,25.2634],[121.61942,25.26242],[121.61854,25.25986],[121.61881,25.25523],[121.6185,25.25394],[121.61718,25.25278],[121.61636,25.25253],[121.61325,25.2534],[121.60961,25.25356],[121.60325,25.2521],[121.60004,25.24878],[121.59995,25.24674],[121.59812,25.24327],[121.59375,25.24216],[121.5931,25.24095],[121.59131,25.23956],[121.59021,25.238],[121.58848,25.23685],[121.58295,25.23175],[121.58154,25.22826],[121.58194,25.22518],[121.58124,25.22344],[121.58,25.22263],[121.57955,25.2218],[121.57827,25.22091],[121.57451,25.22044],[121.57335,25.22074],[121.57115,25.22019],[121.5705,25.21949],[121.56773,25.21791],[121.56705,25.21625],[121.56598,25.21492],[121.56419,25.21383],[121.56244,25.21405],[121.55949,25.21027],[121.56277,25.20927],[121.56332,25.20644],[121.56458,25.20411],[121.56514,25.20206],[121.56432,25.19981],[121.56412,25.19818],[121.56493,25.1963],[121.56654,25.19476],[121.57016,25.1946],[121.57216,25.19361],[121.57477,25.19456],[121.57551,25.19453],[121.57615,25.19523],[121.57694,25.19522],[121.57926,25.19414],[121.57987,25.19502],[121.58072,25.19531],[121.58361,25.19455],[121.58306,25.19407],[121.58274,25.19302],[121.58286,25.19256],[121.58355,25.19213],[121.58372,25.18922],[121.5829,25.18836],[121.58305,25.18769],[121.58212,25.18697],[121.5817,25.18604],[121.58272,25.18423],[121.58145,25.18304],[121.58097,25.18172],[121.58146,25.18026],[121.58217,25.17977],[121.58214,25.17927],[121.58411,25.17585],[121.58447,25.17319],[121.58512,25.17273],[121.58611,25.16999],[121.5874,25.16905],[121.58881,25.16693],[121.5898,25.16399],[121.59145,25.16385],[121.59255,25.16413],[121.59394,25.16506],[121.59654,25.16562],[121.59774,25.16777],[121.60078,25.17038],[121.60118,25.17134],[121.60392,25.17477],[121.604,25.17592],[121.60428,25.17624],[121.60605,25.17652],[121.60717,25.17792],[121.60745,25.17932],[121.60726,25.18097],[121.60762,25.18186],[121.60976,25.18443],[121.61012,25.18644],[121.61107,25.18733],[121.6114,25.19035],[121.61109,25.19096],[121.61192,25.19156],[121.61252,25.19321],[121.61193,25.19336],[121.61072,25.19447],[121.61068,25.19512],[121.61171,25.19641],[121.6127,25.19694],[121.61325,25.19651],[121.614,25.19701],[121.61674,25.20051],[121.61947,25.20308],[121.62002,25.20344],[121.62124,25.20314],[121.62247,25.20371],[121.62386,25.20618],[121.62822,25.20953],[121.6304,25.21196],[121.63756,25.21576],[121.64014,25.21549],[121.64171,25.21584],[121.64271,25.21711],[121.64318,25.21726],[121.64337,25.21769],[121.64314,25.21803],[121.64394,25.21808],[121.64399,25.21991],[121.64522,25.22111],[121.64583,25.22153],[121.65005,25.22254]]]},"properties":{"TOWNNAME":"金山區"}},{"type":"Feature","geometry":{"type":"Polygon","coordinates":[[[121.45947,25.12345],[121.46204,25.12363],[121.46465,25.12466],[121.46487,25.12583],[121.46469,25.12835],[121.46701,25.13374],[121.46836,25.13456],[121.46927,25.13594],[121.47185,25.13765],[121.47343,25.14022],[121.47469,25.14085],[121.4775,25.14442],[121.4808,25.14694],[121.4828,25.15017],[121.48424,25.15096],[121.48625,25.15096],[121.48722,25.15133],[121.48754,25.15282],[121.48931,25.15525],[121.49141,25.16069],[121.49339,25.16154],[121.49455,25.16262],[121.49553,25.16282],[121.49833,25.16456],[121.5002,25.16842],[121.50177,25.16939],[121.50165,25.17126],[121.50241,25.17223],[121.50254,25.173],[121.50279,25.17329],[121.50399,25.17334],[121.5049,25.1742],[121.50525,25.1756],[121.50663,25.17525],[121.50669,25.17468],[121.50622,25.17368],[121.50527,25.17325],[121.50548,25.17156],[121.50592,25.17107],[121.50711,25.17101],[121.51057,25.16931],[121.51115,25.16935],[121.51261,25.17071],[121.51401,25.1709],[121.5197,25.16928],[121.52108,25.17133],[121.5213,25.17292],[121.52228,25.17409],[121.52228,25.17824],[121.52072,25.18023],[121.51963,25.18231],[121.51369,25.184],[121.5131,25.18481],[121.512,25.18516],[121.51123,25.18586],[121.50997,25.18748],[121.5089,25.18749],[121.50776,25.18795],[121.50757,25.18863],[121.50633,25.19004],[121.50469,25.19011],[121.50354,25.19066],[121.50269,25.19149],[121.50245,25.19249],[121.49975,25.19265],[121.49714,25.19188],[121.49607,25.1912],[121.49549,25.19129],[121.49507,25.19163],[121.49463,25.19315],[121.49356,25.19335],[121.49355,25.19407],[121.49267,25.19537],[121.49142,25.19626],[121.48649,25.19722],[121.48609,25.19762],[121.48572,25.1988],[121.48597,25.19932],[121.48924,25.20088],[121.48912,25.2024],[121.48703,25.20382],[121.48712,25.20422],[121.48556,25.20485],[121.48644,25.20694],[121.48632,25.20746],[121.48529,25.20829],[121.48618,25.21107],[121.48643,25.21141],[121.48775,25.21138],[121.48907,25.21089],[121.49067,25.21134],[121.49136,25.21186],[121.49278,25.21182],[121.49375,25.21288],[121.49599,25.21433],[121.49746,25.2137],[121.49835,25.21518],[121.49838,25.21619],[121.49648,25.21909],[121.49643,25.22167],[121.497,25.22173],[121.49793,25.21997],[121.4986,25.22092],[121.49832,25.22172],[121.50054,25.22171],[121.50137,25.22286],[121.50137,25.22403],[121.50068,25.22478],[121.5,25.22519],[121.49783,25.22522],[121.49708,25.22557],[121.49636,25.22652],[121.49668,25.22789],[121.4976,25.22927],[121.49692,25.22992],[121.49187,25.23182],[121.48929,25.23174],[121.48355,25.23428],[121.4792,25.23578],[121.4766,25.23711],[121.47208,25.23868],[121.46508,25.23927],[121.46314,25.24025],[121.4605,25.24001],[121.45899,25.24024],[121.45774,25.24102],[121.45762,25.24211],[121.45665,25.24317],[121.45407,25.24411],[121.45025,25.24431],[121.4494,25.24403],[121.4492,25.24205],[121.44576,25.23725],[121.44579,25.2361],[121.4449,25.23458],[121.44499,25.23424],[121.44581,25.23409],[121.44618,25.23363],[121.44612,25.23251],[121.44551,25.23091],[121.44409,25.22902],[121.44227,25.22814],[121.44145,25.22734],[121.44154,25.22582],[121.44075,25.2247],[121.44111,25.22169],[121.44047,25.22003],[121.43814,25.21745],[121.43512,25.21612],[121.43392,25.21509],[121.4332,25.21552],[121.4326,25.215],[121.4314,25.21246],[121.42894,25.20942],[121.42931,25.20882],[121.42884,25.20856],[121.42761,25.20676],[121.42528,25.20502],[121.42347,25.2013],[121.41937,25.19589],[121.41933,25.195],[121.41974,25.19419],[121.41936,25.19316],[121.42077,25.19175],[121.42133,25.19043],[121.42076,25.19018],[121.42038,25.18943],[121.41992,25.19193],[121.41951,25.19222],[121.41907,25.1921],[121.41872,25.19104],[121.41806,25.1903],[121.41529,25.18876],[121.41199,25.18808],[121.40967,25.18832],[121.40787,25.18729],[121.40696,25.18715],[121.40687,25.18672],[121.40728,25.18637],[121.40568,25.18335],[121.40618,25.18244],[121.41787,25.18065],[121.41948,25.17712],[121.42036,25.17375],[121.42345,25.17183],[121.42832,25.16944],[121.43323,25.16759],[121.44006,25.16329],[121.44467,25.15945],[121.4486,25.15543],[121.45048,25.15271],[121.45244,25.14742],[121.45463,25.13813],[121.4569,25.12638],[121.45733,25.12554],[121.45874,25.12469],[121.45947,25.12345]]]},"properties":{"TOWNNAME":"淡水區"}},{"type":"Feature","geometry":{"type":"Polygon","coordinates":[[[121.60789,25.13101],[121.60921,25.13258],[121.61128,25.13352],[121.61182,25.13419],[121.61568,25.13682],[121.61695,25.13877],[121.61911,25.1384],[121.62458,25.13999],[121.62681,25.13979],[121.62818,25.14057],[121.62938,25.14181],[121.63473,25.14385],[121.63602,25.14348],[121.63856,25.14415],[121.64003,25.14582],[121.64047,25.14536],[121.64182,25.14497],[121.64395,25.14567],[121.64555,25.14576],[121.64964,25.14483],[121.65191,25.14823],[121.65301,25.14823],[121.65504,25.14896],[121.6563,25.1498],[121.65717,25.15118],[121.65842,25.15211],[121.66121,25.15213],[121.6624,25.15255],[121.66385,25.15224],[121.66629,25.15291],[121.66751,25.15292],[121.66923,25.15341],[121.66936,25.15424],[121.67161,25.15554],[121.67403,25.15532],[121.67776,25.15571],[121.6786,25.15735],[121.68104,25.159],[121.68273,25.15932],[121.68332,25.16038],[121.68473,25.16007],[121.68745,25.1616],[121.6887,25.16367],[121.69114,25.1644],[121.69195,25.1663],[121.69273,25.1661],[121.69584,25.16634],[121.69656,25.16692],[121.69766,25.16669],[121.69878,25.16704],[121.69934,25.16876],[121.7005,25.16894],[121.7009,25.1694],[121.70106,25.17066],[121.70184,25.17164],[121.70233,25.17328],[121.70415,25.17406],[121.70568,25.17378],[121.707,25.17395],[121.7085,25.17499],[121.70891,25.17573],[121.70671,25.17539],[121.70605,25.17559],[121.70577,25.17612],[121.70467,25.17589],[121.7042,25.17704],[121.70329,25.17635],[121.70272,25.17698],[121.70281,25.17795],[121.70149,25.17917],[121.69868,25.18023],[121.6968,25.18161],[121.69653,25.18152],[121.697,25.18089],[121.69697,25.18014],[121.69609,25.17985],[121.69496,25.17982],[121.69502,25.18054],[121.69559,25.18067],[121.69545,25.18108],[121.69423,25.18073],[121.69395,25.18001],[121.69169,25.18085],[121.68857,25.18435],[121.68581,25.18979],[121.68568,25.19174],[121.68627,25.19357],[121.68755,25.19462],[121.68742,25.19516],[121.68795,25.19535],[121.68842,25.19634],[121.6893,25.19611],[121.68977,25.19643],[121.69089,25.1983],[121.69308,25.2004],[121.6927,25.20054],[121.69351,25.20101],[121.6952,25.2028],[121.69473,25.20334],[121.69284,25.20314],[121.6919,25.20383],[121.69196,25.20444],[121.6929,25.20539],[121.69233,25.20654],[121.69323,25.20709],[121.69375,25.20797],[121.69626,25.20964],[121.69615,25.21021],[121.702,25.21411],[121.70366,25.21585],[121.70383,25.21672],[121.70111,25.2154],[121.70199,25.21651],[121.70149,25.2166],[121.70151,25.2172],[121.69686,25.21408],[121.6961,25.21243],[121.69449,25.21118],[121.69457,25.21045],[121.69413,25.20981],[121.69291,25.20906],[121.69238,25.20828],[121.69056,25.2079],[121.68862,25.20663],[121.68921,25.20578],[121.68798,25.20492],[121.68751,25.20385],[121.68657,25.20329],[121.68604,25.20387],[121.68607,25.20438],[121.68662,25.20503],[121.68689,25.20711],[121.68726,25.20712],[121.68731,25.20633],[121.68755,25.20636],[121.68765,25.20702],[121.68749,25.20746],[121.68582,25.20768],[121.68413,25.20667],[121.68164,25.20377],[121.67982,25.20238],[121.67884,25.20202],[121.67762,25.20225],[121.67722,25.20369],[121.67689,25.20372],[121.67713,25.20458],[121.67686,25.20463],[121.67572,25.20375],[121.67539,25.20279],[121.67461,25.20233],[121.67279,25.20213],[121.67049,25.2028],[121.66971,25.20332],[121.66964,25.204],[121.66895,25.20392],[121.66643,25.20586],[121.66491,25.2066],[121.66447,25.20709],[121.66415,25.2085],[121.66384,25.20845],[121.66409,25.20712],[121.66373,25.20696],[121.66227,25.2078],[121.66274,25.20869],[121.66208,25.20839],[121.66161,25.20862],[121.65697,25.21243],[121.65371,25.21603],[121.65005,25.22254],[121.64583,25.22153],[121.64522,25.22111],[121.64399,25.21991],[121.64394,25.21808],[121.64314,25.21803],[121.64337,25.21769],[121.64318,25.21726],[121.64271,25.21711],[121.64171,25.21584],[121.64014,25.21549],[121.63756,25.21576],[121.6304,25.21196],[121.62822,25.20953],[121.62386,25.20618],[121.62247,25.20371],[121.62124,25.20314],[121.62002,25.20344],[121.61947,25.20308],[121.61674,25.20051],[121.614,25.19701],[121.61325,25.19651],[121.6127,25.19694],[121.61215,25.1968],[121.61068,25.19512],[121.61072,25.19447],[121.61193,25.19336],[121.61252,25.19321],[121.61192,25.19156],[121.61109,25.19096],[121.6114,25.19035],[121.61107,25.18733],[121.61012,25.18644],[121.60976,25.18443],[121.60762,25.18186],[121.60726,25.18097],[121.60745,25.17932],[121.60717,25.17792],[121.60605,25.17652],[121.60428,25.17624],[121.604,25.17592],[121.60392,25.17477],[121.60118,25.17134],[121.60078,25.17038],[121.59774,25.16777],[121.59654,25.16562],[121.59394,25.16506],[121.59208,25.16396],[121.5898,25.16399],[121.59058,25.16034],[121.59181,25.15765],[121.59196,25.15571],[121.59084,25.15461],[121.5906,25.1536],[121.58938,25.15257],[121.5894,25.15221],[121.59351,25.15044],[121.59385,25.14987],[121.59393,25.14799],[121.59552,25.14612],[121.59602,25.14465],[121.59606,25.14316],[121.59735,25.1421],[121.59856,25.14022],[121.59996,25.13966],[121.60174,25.13793],[121.60398,25.13648],[121.60464,25.13098],[121.60622,25.13054],[121.60789,25.13101]]]},"properties":{"TOWNNAME":"萬里區"}},{"type":"Feature","geometry":{"type":"Polygon","coordinates":[[[121.40162,25.10779],[121.40128,25.10869],[121.40152,25.11051],[121.40052,25.11359],[121.40092,25.11471],[121.40099,25.11755],[121.40143,25.11816],[121.40208,25.11828],[121.40415,25.12007],[121.40433,25.12102],[121.40543,25.1217],[121.40745,25.122],[121.40832,25.12136],[121.41014,25.12116],[121.41314,25.12301],[121.41483,25.12292],[121.41515,25.12329],[121.41388,25.12345],[121.41238,25.12454],[121.41244,25.12532],[121.41537,25.12944],[121.41676,25.13007],[121.41968,25.1302],[121.42021,25.13017],[121.4209,25.12951],[121.42156,25.12965],[121.42376,25.13197],[121.42486,25.13205],[121.42548,25.13019],[121.42608,25.12967],[121.4299,25.12874],[121.43166,25.12896],[121.43344,25.12798],[121.4358,25.12741],[121.43901,25.12485],[121.44055,25.12433],[121.44196,25.12296],[121.44272,25.12316],[121.44483,25.12289],[121.44577,25.12315],[121.44874,25.12148],[121.44868,25.12053],[121.44897,25.12024],[121.45164,25.12034],[121.45349,25.12183],[121.45306,25.11926],[121.45543,25.11844],[121.45513,25.11638],[121.45573,25.11609],[121.45691,25.11472],[121.45782,25.1147],[121.45777,25.11329],[121.45901,25.11269],[121.4594,25.11379],[121.45947,25.12345],[121.45874,25.12469],[121.45733,25.12554],[121.4569,25.12638],[121.45463,25.13813],[121.45244,25.14742],[121.45048,25.15271],[121.4486,25.15543],[121.44467,25.15945],[121.44006,25.16329],[121.43323,25.16759],[121.42832,25.16944],[121.42345,25.17183],[121.42036,25.17375],[121.4188,25.16937],[121.41672,25.16929],[121.4161,25.17012],[121.41522,25.17052],[121.41355,25.16901],[121.41066,25.16761],[121.40675,25.16355],[121.40233,25.15771],[121.39992,25.15505],[121.3999,25.15434],[121.39877,25.15385],[121.39461,25.14973],[121.39096,25.14693],[121.38898,25.14679],[121.38728,25.14536],[121.38612,25.14494],[121.38402,25.14477],[121.38261,25.14346],[121.37972,25.14271],[121.37551,25.14087],[121.37253,25.14024],[121.3692,25.13829],[121.36616,25.13716],[121.36706,25.13419],[121.36949,25.13144],[121.37052,25.12903],[121.37235,25.127],[121.37292,25.1256],[121.37345,25.12517],[121.37427,25.12213],[121.37727,25.12117],[121.37696,25.11991],[121.37982,25.11751],[121.38036,25.1165],[121.38142,25.11648],[121.38312,25.11519],[121.38327,25.11469],[121.38547,25.11502],[121.386,25.11479],[121.38545,25.11281],[121.38625,25.11161],[121.38526,25.10945],[121.38709,25.10915],[121.38747,25.1088],[121.38786,25.10734],[121.38976,25.10572],[121.3898,25.10457],[121.39168,25.10134],[121.39178,25.10065],[121.39229,25.10036],[121.39233,25.10099],[121.3933,25.10046],[121.39274,25.10331],[121.39343,25.10296],[121.39344,25.10224],[121.39531,25.10021],[121.3957,25.09841],[121.39492,25.09763],[121.39613,25.09646],[121.39569,25.09617],[121.39696,25.09532],[121.39655,25.09505],[121.39653,25.09333],[121.39691,25.09313],[121.39655,25.09101],[121.39618,25.09063],[121.39627,25.08724],[121.39524,25.08609],[121.39486,25.0862],[121.39442,25.08651],[121.39409,25.08755],[121.3944,25.08812],[121.39386,25.08866],[121.39279,25.089],[121.39261,25.08811],[121.39296,25.08765],[121.39123,25.08753],[121.39088,25.08813],[121.38997,25.08827],[121.38988,25.08769],[121.39017,25.08697],[121.39234,25.08653],[121.39301,25.08559],[121.39304,25.08455],[121.39352,25.08436],[121.39244,25.08148],[121.39261,25.08004],[121.39299,25.07982],[121.39384,25.08037],[121.39439,25.08201],[121.39539,25.08302],[121.39551,25.08388],[121.39589,25.08371],[121.39599,25.08216],[121.39836,25.08103],[121.39883,25.08115],[121.39851,25.08206],[121.39731,25.08274],[121.39736,25.08444],[121.39846,25.0841],[121.39868,25.08479],[121.39976,25.08573],[121.39951,25.08655],[121.39985,25.08767],[121.40183,25.08748],[121.40205,25.08817],[121.40296,25.08872],[121.40254,25.08915],[121.40053,25.08939],[121.40037,25.08977],[121.40092,25.09184],[121.40199,25.09201],[121.40295,25.09305],[121.403,25.09501],[121.40369,25.09501],[121.404,25.09542],[121.40365,25.09616],[121.40194,25.09767],[121.40178,25.0981],[121.40193,25.09853],[121.40237,25.09859],[121.40243,25.09936],[121.40151,25.10034],[121.401,25.10145],[121.40182,25.10114],[121.40207,25.10143],[121.40172,25.1018],[121.40196,25.10278],[121.40167,25.10318],[121.40243,25.10353],[121.40216,25.1047],[121.40042,25.10607],[121.4007,25.10633],[121.40218,25.10631],[121.40162,25.10779]]]},"properties":{"TOWNNAME":"八里區"}},{"type":"Feature","geometry":{"type":"Polygon","coordinates":[[[121.66616,25.0337],[121.67031,25.03273],[121.67149,25.03317],[121.67202,25.03412],[121.6735,25.03453],[121.67701,25.03462],[121.67869,25.03638],[121.6815,25.03755],[121.68277,25.03891],[121.68599,25.04034],[121.69181,25.04185],[121.69442,25.04127],[121.69621,25.04128],[121.69656,25.04011],[121.69649,25.03845],[121.69581,25.03743],[121.69594,25.0364],[121.69714,25.03515],[121.69909,25.03462],[121.7013,25.03326],[121.70273,25.03153],[121.70547,25.0331],[121.70772,25.03372],[121.71271,25.03347],[121.71345,25.03465],[121.71576,25.03616],[121.71677,25.04031],[121.71618,25.04166],[121.71774,25.04271],[121.71838,25.04395],[121.72161,25.04735],[121.72301,25.04822],[121.72492,25.04832],[121.72664,25.04914],[121.72772,25.05081],[121.72993,25.05311],[121.72822,25.05488],[121.72625,25.05767],[121.72553,25.05822],[121.72305,25.0582],[121.72198,25.0585],[121.71949,25.06095],[121.71787,25.06349],[121.71511,25.06619],[121.71269,25.06761],[121.70968,25.06761],[121.70674,25.06644],[121.70577,25.06661],[121.70431,25.06774],[121.70011,25.06714],[121.69914,25.06757],[121.69667,25.06981],[121.69256,25.0701],[121.69064,25.07063],[121.68751,25.07241],[121.68138,25.07693],[121.68059,25.07701],[121.67992,25.07838],[121.6791,25.07895],[121.6807,25.08226],[121.68198,25.0868],[121.68109,25.08809],[121.68058,25.0882],[121.6788,25.08715],[121.6756,25.08374],[121.67394,25.08287],[121.66807,25.08584],[121.66712,25.08667],[121.66635,25.08799],[121.66474,25.08927],[121.662,25.08925],[121.66092,25.09073],[121.66001,25.09075],[121.65834,25.09155],[121.65738,25.09295],[121.65568,25.09345],[121.65607,25.09475],[121.65556,25.09531],[121.65386,25.09602],[121.65224,25.09793],[121.65101,25.09836],[121.65072,25.0987],[121.65045,25.10074],[121.64909,25.1017],[121.65017,25.10329],[121.65205,25.10373],[121.6522,25.1046],[121.65076,25.10777],[121.65049,25.10924],[121.64626,25.11366],[121.64581,25.11547],[121.64605,25.11636],[121.64594,25.11822],[121.64555,25.11929],[121.6462,25.11992],[121.64609,25.12113],[121.64537,25.12138],[121.64464,25.12215],[121.64476,25.12374],[121.64311,25.12766],[121.64185,25.12806],[121.64072,25.1296],[121.63826,25.13079],[121.63503,25.13037],[121.6331,25.13104],[121.63262,25.13224],[121.62977,25.13379],[121.6296,25.13497],[121.62821,25.13557],[121.62681,25.13979],[121.62458,25.13999],[121.61911,25.1384],[121.61695,25.13877],[121.61568,25.13682],[121.61182,25.13419],[121.61128,25.13352],[121.60968,25.13285],[121.60862,25.13201],[121.60789,25.13101],[121.60706,25.12893],[121.60432,25.12605],[121.60205,25.12595],[121.60163,25.12566],[121.60079,25.12171],[121.60001,25.12058],[121.59891,25.12003],[121.59753,25.11611],[121.59569,25.11386],[121.59657,25.11131],[121.59775,25.10931],[121.59832,25.10897],[121.60783,25.10686],[121.61131,25.10461],[121.61479,25.10389],[121.6165,25.10232],[121.61714,25.10115],[121.6212,25.09831],[121.6219,25.09745],[121.62304,25.09686],[121.62493,25.09701],[121.6256,25.09676],[121.62601,25.09616],[121.62598,25.09564],[121.62514,25.09469],[121.62499,25.09345],[121.62618,25.09122],[121.626,25.09007],[121.62765,25.08859],[121.62813,25.08768],[121.62834,25.08595],[121.62734,25.08466],[121.62782,25.08319],[121.62736,25.08233],[121.62566,25.0818],[121.62422,25.08044],[121.62401,25.07975],[121.6249,25.07857],[121.62469,25.07778],[121.62352,25.07693],[121.62276,25.07512],[121.6222,25.07457],[121.62128,25.0746],[121.62091,25.07368],[121.62194,25.07248],[121.62129,25.07164],[121.62161,25.06955],[121.61863,25.06761],[121.6176,25.06731],[121.61795,25.06625],[121.61784,25.06504],[121.61716,25.06584],[121.61669,25.06578],[121.61619,25.06383],[121.61852,25.06301],[121.62096,25.06117],[121.62185,25.05999],[121.62406,25.05522],[121.62344,25.05487],[121.62169,25.05641],[121.62053,25.05645],[121.62086,25.05479],[121.62058,25.05364],[121.61623,25.05052],[121.61684,25.04768],[121.62189,25.04032],[121.62753,25.03737],[121.62936,25.03675],[121.62996,25.03626],[121.63016,25.03541],[121.6306,25.03521],[121.63437,25.03614],[121.63665,25.03713],[121.63772,25.03717],[121.63971,25.03632],[121.64117,25.03478],[121.6456,25.03161],[121.64995,25.03044],[121.6509,25.02941],[121.65794,25.0291],[121.66069,25.03047],[121.66424,25.03414],[121.66483,25.03426],[121.66616,25.0337]]]},"properties":{"TOWNNAME":"汐止區"}},{"type":"Feature","geometry":{"type":"Polygon","coordinates":[[[121.81692,25.04182],[121.81798,25.04187],[121.81948,25.04258],[121.82191,25.04584],[121.8236,25.04581],[121.8251,25.04474],[121.82651,25.04477],[121.82821,25.04528],[121.82924,25.04496],[121.83008,25.04508],[121.83181,25.04402],[121.83388,25.04435],[121.83413,25.04518],[121.83479,25.04576],[121.83495,25.04716],[121.83395,25.04816],[121.83405,25.04997],[121.83295,25.05234],[121.83214,25.05312],[121.8318,25.0547],[121.83055,25.05596],[121.83046,25.05659],[121.83124,25.05788],[121.83065,25.05905],[121.83056,25.06206],[121.82981,25.06295],[121.82963,25.06464],[121.8324,25.06873],[121.83253,25.06936],[121.83186,25.07047],[121.83269,25.07182],[121.83523,25.07362],[121.83652,25.07393],[121.83976,25.07699],[121.84099,25.07916],[121.84058,25.08054],[121.84269,25.08203],[121.84347,25.08317],[121.84379,25.08463],[121.8447,25.08537],[121.84558,25.08712],[121.84747,25.08923],[121.84814,25.08945],[121.84995,25.08897],[121.8517,25.08934],[121.85174,25.09069],[121.85275,25.09249],[121.85319,25.09472],[121.85404,25.09566],[121.85587,25.09611],[121.85765,25.0974],[121.85825,25.09651],[121.85923,25.09657],[121.86074,25.09602],[121.86185,25.09648],[121.86245,25.09591],[121.86668,25.09503],[121.8678,25.09391],[121.86942,25.09444],[121.87143,25.09387],[121.87279,25.09393],[121.8737,25.09484],[121.87484,25.09516],[121.87734,25.09475],[121.87847,25.09506],[121.88186,25.09792],[121.88523,25.09916],[121.88765,25.10044],[121.89028,25.10052],[121.89092,25.101],[121.8923,25.10058],[121.89575,25.10118],[121.89686,25.1023],[121.89725,25.10331],[121.89539,25.10769],[121.89484,25.10828],[121.89484,25.1088],[121.89506,25.11007],[121.89661,25.11136],[121.89791,25.11385],[121.89972,25.1136],[121.90155,25.11477],[121.90206,25.11579],[121.90312,25.11583],[121.90637,25.11732],[121.90754,25.11756],[121.9087,25.1166],[121.91147,25.11764],[121.91328,25.11762],[121.91479,25.11866],[121.91864,25.11981],[121.92121,25.12115],[121.92083,25.12144],[121.92156,25.12225],[121.92235,25.12193],[121.92286,25.123],[121.9233,25.12318],[121.92336,25.12389],[121.92294,25.12432],[121.92382,25.1272],[121.92502,25.12797],[121.92443,25.12877],[121.92388,25.12923],[121.92086,25.1277],[121.91729,25.12726],[121.91553,25.1261],[121.91531,25.12511],[121.9147,25.12443],[121.91252,25.1242],[121.90969,25.12242],[121.908,25.12203],[121.90741,25.1216],[121.90701,25.12186],[121.90725,25.12241],[121.90613,25.12167],[121.90546,25.12194],[121.90542,25.12239],[121.90505,25.12222],[121.90512,25.12267],[121.90468,25.12283],[121.9051,25.12351],[121.90473,25.12365],[121.90343,25.12261],[121.90252,25.12231],[121.90068,25.12043],[121.89959,25.12057],[121.89883,25.1198],[121.89723,25.11973],[121.89631,25.12008],[121.89608,25.1208],[121.89569,25.121],[121.89517,25.12047],[121.89431,25.12065],[121.89413,25.12029],[121.89356,25.12053],[121.89336,25.12017],[121.89293,25.1205],[121.89287,25.12006],[121.89207,25.12031],[121.89161,25.1198],[121.89129,25.11993],[121.89154,25.12038],[121.8911,25.12072],[121.88984,25.12009],[121.89013,25.12054],[121.88965,25.12146],[121.88973,25.12199],[121.88913,25.12195],[121.88856,25.12248],[121.88595,25.12273],[121.88525,25.12331],[121.88426,25.12356],[121.88472,25.1243],[121.882,25.12347],[121.88047,25.12393],[121.88013,25.12352],[121.87921,25.1234],[121.8783,25.12405],[121.8778,25.1232],[121.8768,25.12297],[121.87605,25.1232],[121.87603,25.12366],[121.87407,25.12558],[121.87276,25.12479],[121.87257,25.12525],[121.87216,25.12524],[121.8714,25.12384],[121.87087,25.12357],[121.87052,25.12374],[121.86997,25.12524],[121.86922,25.12492],[121.86831,25.12317],[121.86671,25.12243],[121.86367,25.12293],[121.86264,25.12378],[121.86236,25.12554],[121.86198,25.12601],[121.86124,25.12504],[121.86073,25.12546],[121.86025,25.12427],[121.85765,25.1242],[121.84902,25.1271],[121.84796,25.12732],[121.84536,25.12706],[121.84464,25.1274],[121.84279,25.12741],[121.84224,25.12823],[121.84128,25.12796],[121.84067,25.12854],[121.8403,25.128],[121.8393,25.128],[121.83895,25.12831],[121.83814,25.12792],[121.83632,25.12841],[121.83585,25.12801],[121.83506,25.12848],[121.83387,25.12822],[121.83401,25.12742],[121.83308,25.12686],[121.83191,25.12756],[121.83132,25.12713],[121.82852,25.12767],[121.82831,25.12733],[121.82969,25.12479],[121.82769,25.12287],[121.8261,25.12302],[121.82606,25.12192],[121.82536,25.12148],[121.8238,25.12185],[121.82152,25.12141],[121.82054,25.12176],[121.81994,25.12241],[121.8197,25.12328],[121.81996,25.12511],[121.81905,25.1255],[121.81895,25.12584],[121.81941,25.12659],[121.81891,25.12673],[121.81928,25.12713],[121.81861,25.12768],[121.81827,25.12956],[121.82071,25.1327],[121.82036,25.13307],[121.82093,25.134],[121.82159,25.13434],[121.82217,25.13396],[121.82208,25.13349],[121.82284,25.13315],[121.82401,25.13356],[121.82455,25.13432],[121.82508,25.13441],[121.82554,25.1351],[121.82632,25.1354],[121.82528,25.13599],[121.82422,25.13566],[121.82318,25.13589],[121.82221,25.13532],[121.82021,25.13481],[121.81888,25.13371],[121.81722,25.13344],[121.81603,25.13359],[121.8152,25.13457],[121.81361,25.13374],[121.8133,25.13313],[121.81261,25.13301],[121.8117,25.13343],[121.81148,25.13306],[121.81058,25.13282],[121.80903,25.13343],[121.80807,25.13288],[121.80635,25.13477],[121.8053,25.13539],[121.80481,25.13504],[121.80433,25.13552],[121.80316,25.13397],[121.80404,25.13352],[121.80427,25.13261],[121.80562,25.13059],[121.80542,25.12907],[121.80411,25.12834],[121.80381,25.12731],[121.80502,25.1258],[121.80506,25.12535],[121.80346,25.12327],[121.80335,25.12227],[121.8019,25.1213],[121.79893,25.12243],[121.79833,25.12237],[121.79833,25.12054],[121.79867,25.11925],[121.7979,25.11735],[121.79769,25.11518],[121.79712,25.11386],[121.79586,25.11349],[121.79492,25.11263],[121.79335,25.11298],[121.79137,25.11273],[121.79053,25.11224],[121.78996,25.11244],[121.7858,25.11832],[121.78404,25.11695],[121.78307,25.1167],[121.78087,25.11765],[121.77833,25.11799],[121.77698,25.11877],[121.77585,25.11875],[121.77507,25.11981],[121.77319,25.1203],[121.77174,25.1189],[121.77124,25.11735],[121.77048,25.11683],[121.76982,25.11517],[121.76882,25.11411],[121.76744,25.11349],[121.7669,25.11266],[121.76517,25.11332],[121.76317,25.11346],[121.761,25.11235],[121.75918,25.11253],[121.75763,25.11093],[121.75733,25.11018],[121.75623,25.11055],[121.75488,25.1104],[121.75193,25.11087],[121.75065,25.10961],[121.75069,25.10925],[121.75308,25.10924],[121.75446,25.10867],[121.756,25.10848],[121.75769,25.10648],[121.75741,25.1053],[121.75782,25.10394],[121.75829,25.10354],[121.75752,25.10259],[121.75704,25.10276],[121.75702,25.10178],[121.75966,25.1008],[121.75982,25.10049],[121.75919,25.09912],[121.75928,25.09634],[121.7584,25.09516],[121.75834,25.09433],[121.75877,25.09221],[121.75968,25.09026],[121.75908,25.08874],[121.75902,25.08791],[121.75952,25.08679],[121.75895,25.08485],[121.75973,25.08149],[121.76129,25.07857],[121.76164,25.07831],[121.76688,25.07873],[121.76816,25.07847],[121.77114,25.07618],[121.77189,25.07451],[121.77317,25.07345],[121.77464,25.07113],[121.77578,25.07012],[121.77775,25.07109],[121.77838,25.07118],[121.77891,25.07083],[121.78205,25.07142],[121.78553,25.07294],[121.78663,25.07414],[121.78792,25.07469],[121.78833,25.0754],[121.79511,25.07733],[121.79808,25.07596],[121.80018,25.07332],[121.80349,25.06787],[121.80499,25.06721],[121.8058,25.066],[121.80577,25.0652],[121.80451,25.06331],[121.80517,25.06239],[121.80501,25.0605],[121.80613,25.05832],[121.8072,25.05807],[121.8077,25.05867],[121.81024,25.05969],[121.81269,25.05917],[121.81425,25.05808],[121.81447,25.05742],[121.81352,25.05324],[121.81371,25.05158],[121.81427,25.05001],[121.8153,25.04843],[121.81526,25.04651],[121.81479,25.04565],[121.81676,25.0427],[121.81692,25.04182]]]},"properties":{"TOWNNAME":"瑞芳區"}},{"type":"Feature","geometry":{"type":"Polygon","coordinates":[[[121.38023,25.06476],[121.38012,25.06589],[121.38275,25.0659],[121.38269,25.0669],[121.38313,25.06733],[121.383,25.06802],[121.38243,25.06848],[121.38293,25.06876],[121.38268,25.06968],[121.38048,25.07065],[121.3791,25.07068],[121.37728,25.07199],[121.37715,25.07233],[121.37753,25.07262],[121.37844,25.07193],[121.38406,25.07155],[121.38555,25.07024],[121.386,25.07259],[121.38638,25.07286],[121.38785,25.07251],[121.38796,25.07226],[121.38698,25.07197],[121.38715,25.0714],[121.38747,25.07031],[121.38836,25.06977],[121.38852,25.06839],[121.38828,25.06796],[121.38919,25.06791],[121.38975,25.068],[121.38975,25.06914],[121.39138,25.06924],[121.39207,25.06962],[121.39222,25.07051],[121.39616,25.07309],[121.39711,25.07238],[121.397,25.07117],[121.39663,25.06999],[121.39557,25.06858],[121.39668,25.06793],[121.39643,25.06749],[121.39511,25.06723],[121.39489,25.06674],[121.39726,25.06572],[121.39836,25.06575],[121.40003,25.06528],[121.4002,25.06465],[121.40061,25.06453],[121.40014,25.06375],[121.40021,25.06318],[121.40285,25.06366],[121.40366,25.06418],[121.4038,25.06274],[121.40565,25.06353],[121.40567,25.0648],[121.40409,25.06591],[121.40339,25.06602],[121.40336,25.06642],[121.40257,25.06693],[121.40319,25.06802],[121.40454,25.06795],[121.40598,25.06862],[121.40623,25.06887],[121.40588,25.07025],[121.40427,25.07013],[121.40364,25.07075],[121.40307,25.07064],[121.40215,25.07161],[121.40155,25.07163],[121.40204,25.07017],[121.40179,25.06988],[121.40116,25.07011],[121.39954,25.06837],[121.39888,25.06805],[121.39844,25.06825],[121.39915,25.06889],[121.39938,25.07228],[121.39912,25.07271],[121.39952,25.07374],[121.39945,25.07469],[121.39805,25.07617],[121.39853,25.07647],[121.40021,25.07548],[121.402,25.07519],[121.40865,25.07587],[121.40787,25.07704],[121.40667,25.07646],[121.40535,25.07676],[121.40522,25.0772],[121.40385,25.07618],[121.40268,25.07655],[121.40362,25.07707],[121.40364,25.07799],[121.40498,25.07955],[121.40507,25.08035],[121.4034,25.08034],[121.40323,25.08189],[121.4025,25.08278],[121.40262,25.08407],[121.4021,25.08434],[121.40331,25.08523],[121.40387,25.08513],[121.40346,25.08468],[121.40425,25.08376],[121.40681,25.08263],[121.40885,25.08043],[121.4094,25.08124],[121.4093,25.08175],[121.4097,25.08261],[121.41434,25.07911],[121.41495,25.08251],[121.41315,25.08151],[121.41014,25.08325],[121.40929,25.08408],[121.40902,25.08523],[121.40927,25.08603],[121.40826,25.08692],[121.4085,25.08729],[121.40818,25.08844],[121.41088,25.08983],[121.41004,25.09212],[121.40878,25.09209],[121.40962,25.09304],[121.40949,25.09338],[121.40848,25.09487],[121.40705,25.09615],[121.40765,25.09618],[121.40999,25.09448],[121.41174,25.09269],[121.41229,25.09369],[121.41228,25.09509],[121.41262,25.09544],[121.41243,25.09636],[121.41192,25.09618],[121.41093,25.095],[121.41023,25.09548],[121.40965,25.09709],[121.4099,25.09806],[121.40906,25.09978],[121.40803,25.09883],[121.40686,25.10011],[121.40729,25.10115],[121.40638,25.10212],[121.40562,25.10125],[121.40462,25.10081],[121.40399,25.10124],[121.40376,25.10176],[121.40383,25.10474],[121.40332,25.10531],[121.40341,25.10592],[121.4029,25.10715],[121.40162,25.10779],[121.40218,25.10631],[121.4007,25.10633],[121.40042,25.10607],[121.40216,25.1047],[121.40243,25.10353],[121.40167,25.10318],[121.40196,25.10278],[121.40172,25.1018],[121.40207,25.10143],[121.40182,25.10114],[121.401,25.10145],[121.40151,25.10034],[121.40243,25.09936],[121.40237,25.09859],[121.40193,25.09853],[121.40178,25.0981],[121.40194,25.09767],[121.40365,25.09616],[121.404,25.09542],[121.40369,25.09501],[121.403,25.09501],[121.40295,25.09305],[121.40199,25.09201],[121.40092,25.09184],[121.40037,25.08977],[121.40053,25.08939],[121.40254,25.08915],[121.40296,25.08872],[121.40205,25.08817],[121.40183,25.08748],[121.39985,25.08767],[121.39951,25.08655],[121.39976,25.08573],[121.39868,25.08479],[121.39846,25.0841],[121.39736,25.08444],[121.39731,25.08274],[121.39851,25.08206],[121.39883,25.08115],[121.39836,25.08103],[121.39599,25.08216],[121.39589,25.08371],[121.39551,25.08388],[121.39539,25.08302],[121.39439,25.08201],[121.39384,25.08037],[121.39337,25.07988],[121.39261,25.08004],[121.39244,25.08148],[121.39352,25.08436],[121.39304,25.08455],[121.39301,25.08559],[121.39234,25.08653],[121.39017,25.08697],[121.38988,25.08769],[121.38997,25.08827],[121.39088,25.08813],[121.39123,25.08753],[121.39296,25.08765],[121.39261,25.08811],[121.39279,25.089],[121.39386,25.08866],[121.3944,25.08812],[121.39409,25.08755],[121.39442,25.08651],[121.39486,25.0862],[121.39524,25.08609],[121.39627,25.08724],[121.39618,25.09063],[121.39655,25.09101],[121.39691,25.09313],[121.39653,25.09333],[121.39655,25.09505],[121.39696,25.09532],[121.39569,25.09617],[121.39613,25.09646],[121.39492,25.09763],[121.3957,25.09841],[121.39531,25.10021],[121.39344,25.10224],[121.39343,25.10296],[121.39274,25.10331],[121.3933,25.10046],[121.39233,25.10099],[121.39229,25.10036],[121.39178,25.10065],[121.39168,25.10134],[121.3898,25.10457],[121.38976,25.10572],[121.38786,25.10734],[121.38747,25.1088],[121.38709,25.10915],[121.38526,25.10945],[121.38625,25.11161],[121.38545,25.11281],[121.386,25.11479],[121.38547,25.11502],[121.38327,25.11469],[121.38312,25.11519],[121.38142,25.11648],[121.38036,25.1165],[121.37982,25.11751],[121.37696,25.11991],[121.37727,25.12117],[121.37427,25.12213],[121.37345,25.12517],[121.37292,25.1256],[121.37235,25.127],[121.37052,25.12903],[121.36949,25.13144],[121.36706,25.13419],[121.36616,25.13716],[121.36272,25.13585],[121.36178,25.13487],[121.35578,25.13258],[121.35159,25.13039],[121.34771,25.12901],[121.34057,25.12743],[121.33885,25.12651],[121.33285,25.12476],[121.32468,25.12355],[121.32227,25.1229],[121.31765,25.12248],[121.30507,25.12306],[121.30133,25.12365],[121.29928,25.1234],[121.29812,25.12276],[121.29727,25.12279],[121.29689,25.12324],[121.29686,25.12265],[121.29627,25.12204],[121.29579,25.12199],[121.29583,25.1213],[121.29182,25.11828],[121.28943,25.11767],[121.28353,25.11725],[121.28391,25.11213],[121.28237,25.10975],[121.28286,25.10901],[121.28561,25.10794],[121.28687,25.10666],[121.28988,25.1067],[121.29203,25.10245],[121.29305,25.10235],[121.29404,25.10297],[121.29515,25.10286],[121.29533,25.10239],[121.2958,25.10241],[121.29602,25.10309],[121.29787,25.10427],[121.2986,25.10427],[121.29976,25.10355],[121.30027,25.10209],[121.30144,25.10135],[121.30148,25.09834],[121.30303,25.09671],[121.30441,25.09625],[121.30693,25.0972],[121.30733,25.09669],[121.30935,25.09621],[121.31076,25.09641],[121.31168,25.09575],[121.31715,25.0939],[121.31851,25.09284],[121.31967,25.0931],[121.32099,25.09247],[121.32492,25.09248],[121.32803,25.091],[121.33043,25.08808],[121.33473,25.08566],[121.33631,25.08508],[121.3383,25.08363],[121.34153,25.08395],[121.34323,25.08375],[121.34354,25.08401],[121.34455,25.08344],[121.34652,25.0835],[121.34825,25.08221],[121.34948,25.08216],[121.3503,25.08153],[121.35039,25.08107],[121.3498,25.0807],[121.34867,25.08101],[121.34289,25.08],[121.34314,25.07963],[121.34556,25.07946],[121.34629,25.07903],[121.34663,25.07935],[121.34812,25.0788],[121.34695,25.07809],[121.3455,25.07848],[121.34557,25.07737],[121.34661,25.07705],[121.34654,25.07665],[121.34516,25.07694],[121.34459,25.07779],[121.34422,25.07751],[121.34413,25.07699],[121.34466,25.0759],[121.34586,25.07541],[121.34363,25.07498],[121.34269,25.07541],[121.34162,25.0765],[121.34133,25.07627],[121.34137,25.07564],[121.34057,25.07612],[121.34084,25.07515],[121.34072,25.07372],[121.34119,25.07338],[121.34257,25.07349],[121.34254,25.07295],[121.34775,25.07362],[121.34897,25.07422],[121.34987,25.07634],[121.35034,25.07609],[121.35054,25.07526],[121.34998,25.07339],[121.35067,25.07345],[121.35173,25.07428],[121.35365,25.07337],[121.3529,25.0732],[121.35239,25.07357],[121.35133,25.07311],[121.35086,25.07279],[121.3507,25.07188],[121.3502,25.07122],[121.34929,25.07147],[121.349,25.0721],[121.34842,25.07087],[121.34679,25.07032],[121.34814,25.06972],[121.34905,25.06987],[121.35024,25.06947],[121.3515,25.06824],[121.35241,25.06781],[121.35241,25.0685],[121.35373,25.06859],[121.35404,25.06779],[121.35518,25.0671],[121.35518,25.06596],[121.35584,25.06536],[121.35851,25.06532],[121.36139,25.0658],[121.36258,25.06632],[121.36584,25.0669],[121.36669,25.06678],[121.3676,25.06615],[121.3688,25.06607],[121.36789,25.06518],[121.3678,25.06412],[121.3711,25.06121],[121.37235,25.06167],[121.37248,25.06233],[121.37363,25.06269],[121.37392,25.06388],[121.37321,25.06475],[121.37454,25.06454],[121.37504,25.06568],[121.37783,25.06558],[121.38023,25.06476]]]},"properties":{"TOWNNAME":"林口區"}},{"type":"Feature","geometry":{"type":"Polygon","coordinates":[[[121.4661,25.06474],[121.46661,25.06524],[121.46632,25.0662],[121.46765,25.06893],[121.46847,25.06848],[121.46957,25.06843],[121.46991,25.06875],[121.47008,25.072],[121.47092,25.0724],[121.47104,25.07286],[121.47256,25.07292],[121.47057,25.07399],[121.46955,25.0759],[121.46785,25.07634],[121.46695,25.07702],[121.46463,25.07796],[121.46339,25.07784],[121.4582,25.08064],[121.45636,25.08231],[121.45549,25.08213],[121.45463,25.08546],[121.4548,25.08967],[121.45573,25.09229],[121.45777,25.09411],[121.45825,25.09811],[121.46092,25.09914],[121.4612,25.10121],[121.46157,25.10225],[121.46214,25.10284],[121.4604,25.10299],[121.45986,25.10335],[121.45805,25.10581],[121.4572,25.10936],[121.45901,25.11269],[121.45777,25.11329],[121.45782,25.1147],[121.45691,25.11472],[121.45573,25.11609],[121.45513,25.11638],[121.45543,25.11844],[121.45306,25.11926],[121.45349,25.12183],[121.45164,25.12034],[121.44897,25.12024],[121.44868,25.12053],[121.44874,25.12148],[121.44697,25.12258],[121.44577,25.12315],[121.44483,25.12289],[121.44272,25.12316],[121.44196,25.12296],[121.44055,25.12433],[121.43901,25.12485],[121.4358,25.12741],[121.43344,25.12798],[121.43166,25.12896],[121.4299,25.12874],[121.42608,25.12967],[121.42548,25.13019],[121.42486,25.13205],[121.42376,25.13197],[121.42156,25.12965],[121.4209,25.12951],[121.42021,25.13017],[121.41968,25.1302],[121.41676,25.13007],[121.41537,25.12944],[121.41244,25.12532],[121.41238,25.12454],[121.41388,25.12345],[121.41515,25.12329],[121.41483,25.12292],[121.41314,25.12301],[121.41014,25.12116],[121.40832,25.12136],[121.40745,25.122],[121.40543,25.1217],[121.40433,25.12102],[121.40415,25.12007],[121.40208,25.11828],[121.40143,25.11816],[121.40099,25.11755],[121.40092,25.11471],[121.40055,25.11324],[121.40152,25.11051],[121.40128,25.10869],[121.40162,25.10779],[121.4029,25.10715],[121.40341,25.10592],[121.40332,25.10531],[121.40383,25.10474],[121.40376,25.10176],[121.40399,25.10124],[121.40462,25.10081],[121.40562,25.10125],[121.40638,25.10212],[121.40729,25.10115],[121.40686,25.10011],[121.40803,25.09883],[121.40906,25.09978],[121.4099,25.09806],[121.40965,25.09709],[121.41052,25.0952],[121.41093,25.095],[121.41192,25.09618],[121.41243,25.09636],[121.41262,25.09544],[121.41228,25.09509],[121.41229,25.09369],[121.41174,25.09269],[121.40999,25.09448],[121.40765,25.09618],[121.40705,25.09615],[121.40848,25.09487],[121.40949,25.09338],[121.40962,25.09304],[121.40878,25.09209],[121.41004,25.09212],[121.41088,25.08983],[121.40818,25.08844],[121.4085,25.08729],[121.40826,25.08692],[121.40927,25.08603],[121.40902,25.08523],[121.40929,25.08408],[121.41014,25.08325],[121.41315,25.08151],[121.41495,25.08251],[121.41434,25.07911],[121.4097,25.08261],[121.4093,25.08175],[121.4094,25.08124],[121.40885,25.08043],[121.40681,25.08263],[121.40511,25.08322],[121.40397,25.08402],[121.40346,25.08468],[121.40387,25.08513],[121.40277,25.08499],[121.40277,25.08461],[121.4021,25.08434],[121.40262,25.08407],[121.4025,25.08278],[121.40323,25.08189],[121.4034,25.08034],[121.40507,25.08035],[121.40498,25.07955],[121.40364,25.07799],[121.40362,25.07707],[121.40268,25.07655],[121.40385,25.07618],[121.40522,25.0772],[121.40535,25.07676],[121.40667,25.07646],[121.40787,25.07704],[121.40865,25.07587],[121.41065,25.07528],[121.41473,25.0722],[121.41578,25.07048],[121.41979,25.0689],[121.42218,25.06923],[121.43102,25.06897],[121.43159,25.0686],[121.43217,25.06745],[121.43195,25.06618],[121.43499,25.06654],[121.43586,25.06612],[121.43671,25.06502],[121.43769,25.06442],[121.43863,25.06503],[121.43916,25.06707],[121.44056,25.06705],[121.44059,25.06765],[121.441,25.0678],[121.44235,25.06735],[121.44304,25.06821],[121.44305,25.06872],[121.44498,25.06911],[121.44528,25.064],[121.45009,25.06086],[121.45064,25.06082],[121.45097,25.06118],[121.45086,25.06189],[121.45275,25.06414],[121.45333,25.0637],[121.45438,25.06365],[121.46019,25.06999],[121.46425,25.06755],[121.46475,25.06552],[121.4661,25.06474]]]},"properties":{"TOWNNAME":"五股區"}},{"type":"Feature","geometry":{"type":"Polygon","coordinates":[[[121.95242,24.98824],[121.9533,24.98793],[121.95389,24.98827],[121.95552,24.98831],[121.95851,24.98732],[121.95882,24.98778],[121.96029,24.98845],[121.96295,24.98786],[121.96371,24.98703],[121.96403,24.98586],[121.96674,24.98256],[121.96749,24.98313],[121.96749,24.9845],[121.96848,24.98577],[121.96924,24.9858],[121.96993,24.98517],[121.97056,24.98524],[121.97106,24.98461],[121.97147,24.98481],[121.97206,24.9845],[121.97241,24.98499],[121.97228,24.98533],[121.97365,24.98625],[121.97393,24.98734],[121.97434,24.98723],[121.97482,24.98781],[121.97544,24.98729],[121.97575,24.98806],[121.9753,24.9882],[121.97537,24.98872],[121.97621,24.98887],[121.97642,24.99087],[121.97704,24.9915],[121.97889,24.99203],[121.98012,24.991],[121.98306,24.9915],[121.98378,24.99191],[121.98375,24.99233],[121.98497,24.99337],[121.98506,24.994],[121.98546,24.99409],[121.98571,24.99495],[121.98646,24.99587],[121.98777,24.99622],[121.98796,24.9967],[121.98908,24.9974],[121.99153,24.99811],[121.99165,24.99869],[121.99216,24.99903],[121.99588,25.00033],[121.99593,25.00168],[121.9966,25.00213],[121.99978,25.00238],[122.00123,25.00286],[122.00233,25.00258],[122.00381,25.00282],[122.00412,25.00257],[122.0049,25.00297],[122.00564,25.00758],[122.00526,25.00975],[122.00609,25.00972],[122.0059,25.0107],[122.00544,25.01104],[122.00545,25.01212],[122.00495,25.01333],[122.00607,25.01502],[122.00523,25.0158],[122.0026,25.01409],[122.00106,25.0162],[122.00007,25.01672],[121.99947,25.0196],[121.99825,25.01978],[121.99806,25.02054],[121.99768,25.01966],[121.99661,25.01861],[121.9957,25.01646],[121.99472,25.01531],[121.99241,25.0131],[121.99092,25.01257],[121.99023,25.013],[121.98978,25.01401],[121.99005,25.01512],[121.98979,25.01561],[121.98964,25.0189],[121.98998,25.02003],[121.98972,25.02095],[121.98899,25.02071],[121.98831,25.0213],[121.98727,25.02137],[121.98701,25.02213],[121.98535,25.02269],[121.98498,25.02252],[121.98386,25.02308],[121.98407,25.02349],[121.98331,25.02435],[121.98246,25.02435],[121.98219,25.02404],[121.98105,25.02477],[121.98039,25.02445],[121.97961,25.02458],[121.97898,25.02495],[121.97903,25.02549],[121.97856,25.0256],[121.97774,25.02486],[121.97715,25.02541],[121.97699,25.02617],[121.97656,25.0263],[121.9759,25.02586],[121.97254,25.02588],[121.97183,25.0254],[121.97153,25.02571],[121.96985,25.02459],[121.96692,25.02359],[121.96583,25.02269],[121.96419,25.02238],[121.96409,25.02275],[121.96281,25.02209],[121.9601,25.02218],[121.95731,25.02172],[121.9556,25.02285],[121.95457,25.02245],[121.95271,25.02251],[121.95243,25.02214],[121.95045,25.02192],[121.94998,25.02007],[121.94774,25.0199],[121.94645,25.02049],[121.94639,25.02094],[121.94472,25.02244],[121.94152,25.02485],[121.94018,25.02639],[121.93912,25.02694],[121.9368,25.02948],[121.93655,25.03017],[121.93625,25.02994],[121.93579,25.03023],[121.93545,25.03101],[121.93328,25.03319],[121.9296,25.03993],[121.92955,25.04151],[121.92908,25.04214],[121.92967,25.04328],[121.93055,25.04368],[121.93064,25.04499],[121.93033,25.04577],[121.92959,25.0458],[121.92937,25.04628],[121.92882,25.0498],[121.92901,25.0511],[121.92937,25.05157],[121.93063,25.05205],[121.92994,25.05273],[121.9301,25.05296],[121.93074,25.05272],[121.93122,25.05464],[121.93168,25.05468],[121.93124,25.05522],[121.93158,25.05591],[121.93099,25.05593],[121.93091,25.05625],[121.93063,25.0562],[121.93068,25.0559],[121.93034,25.05601],[121.93018,25.05701],[121.9293,25.05669],[121.92852,25.05691],[121.9275,25.05799],[121.92727,25.05737],[121.926,25.05728],[121.926,25.05794],[121.92692,25.058],[121.92697,25.05856],[121.92642,25.05877],[121.9265,25.0591],[121.9276,25.05926],[121.92766,25.05889],[121.92811,25.05894],[121.92878,25.05989],[121.93104,25.06009],[121.93081,25.0609],[121.93163,25.061],[121.93137,25.06166],[121.9322,25.06363],[121.93124,25.0637],[121.92971,25.06439],[121.92589,25.06702],[121.92474,25.06879],[121.9247,25.06953],[121.92353,25.07071],[121.92478,25.07096],[121.9242,25.07145],[121.92451,25.07193],[121.92213,25.07179],[121.92253,25.07222],[121.92234,25.07262],[121.92337,25.07321],[121.92071,25.07277],[121.92031,25.07394],[121.91926,25.07521],[121.91932,25.07604],[121.91816,25.07599],[121.91728,25.07529],[121.91671,25.07524],[121.91569,25.07605],[121.91581,25.07733],[121.91533,25.07863],[121.91566,25.07871],[121.91574,25.07918],[121.9154,25.07931],[121.91553,25.0799],[121.91792,25.07905],[121.91808,25.07944],[121.9166,25.07993],[121.91686,25.0807],[121.91626,25.08272],[121.91592,25.08277],[121.91552,25.08198],[121.91459,25.08225],[121.91486,25.08421],[121.91401,25.08574],[121.91466,25.08759],[121.91453,25.08799],[121.91386,25.08824],[121.91482,25.08975],[121.91489,25.09068],[121.91605,25.09142],[121.91652,25.09324],[121.91744,25.09333],[121.91743,25.09374],[121.91796,25.09367],[121.91717,25.09429],[121.91881,25.09442],[121.91838,25.09509],[121.91926,25.0951],[121.9192,25.09554],[121.91959,25.09591],[121.91923,25.09658],[121.91823,25.09669],[121.91843,25.09713],[121.91796,25.09738],[121.91863,25.09812],[121.91761,25.09812],[121.91733,25.09879],[121.91813,25.09929],[121.91867,25.09863],[121.91893,25.09879],[121.91861,25.09955],[121.91936,25.09974],[121.92001,25.1016],[121.9205,25.10166],[121.91992,25.10254],[121.92097,25.10306],[121.92114,25.10347],[121.92242,25.1039],[121.92412,25.10326],[121.92453,25.10367],[121.9234,25.10466],[121.92381,25.10523],[121.92305,25.10626],[121.92357,25.10726],[121.92406,25.10675],[121.92434,25.10689],[121.92373,25.10786],[121.9242,25.10748],[121.92479,25.10751],[121.92281,25.10939],[121.92342,25.11094],[121.92336,25.11213],[121.92176,25.11377],[121.92127,25.11384],[121.92033,25.11295],[121.91792,25.11194],[121.91729,25.11223],[121.9172,25.11262],[121.9165,25.1127],[121.91641,25.11207],[121.91535,25.11222],[121.91536,25.11262],[121.91616,25.11267],[121.91591,25.11303],[121.91396,25.11285],[121.9134,25.113],[121.91296,25.11376],[121.91499,25.11564],[121.91607,25.11605],[121.91715,25.11706],[121.91791,25.11736],[121.91857,25.11715],[121.92012,25.11823],[121.92035,25.11872],[121.91939,25.11863],[121.91938,25.11889],[121.92121,25.12115],[121.91864,25.11981],[121.91479,25.11866],[121.91328,25.11762],[121.91147,25.11764],[121.9087,25.1166],[121.90754,25.11756],[121.90395,25.11641],[121.90312,25.11583],[121.90206,25.11579],[121.90155,25.11477],[121.89972,25.1136],[121.89791,25.11385],[121.89661,25.11136],[121.89506,25.11007],[121.89484,25.10828],[121.89539,25.10769],[121.89725,25.10331],[121.89686,25.1023],[121.89575,25.10118],[121.8923,25.10058],[121.89092,25.101],[121.89028,25.10052],[121.88765,25.10044],[121.88523,25.09916],[121.88186,25.09792],[121.87847,25.09506],[121.87734,25.09475],[121.87557,25.09496],[121.87727,25.09249],[121.87655,25.08857],[121.87656,25.08567],[121.87728,25.08521],[121.87849,25.08283],[121.87808,25.08089],[121.87823,25.07988],[121.87716,25.07651],[121.87793,25.07438],[121.88009,25.07249],[121.88254,25.07234],[121.88322,25.07145],[121.88328,25.0697],[121.88721,25.06295],[121.88783,25.06086],[121.88804,25.05716],[121.88894,25.0564],[121.88921,25.05481],[121.89059,25.05351],[121.89062,25.05302],[121.88912,25.05138],[121.88887,25.04861],[121.88974,25.04755],[121.89101,25.0478],[121.89352,25.04718],[121.89551,25.04723],[121.89561,25.04674],[121.89721,25.04496],[121.89716,25.04294],[121.89643,25.04066],[121.89733,25.03879],[121.89546,25.03603],[121.89533,25.03503],[121.89416,25.03283],[121.89422,25.03107],[121.8922,25.02819],[121.89354,25.02612],[121.8939,25.02504],[121.8938,25.02426],[121.89232,25.02442],[121.89037,25.02237],[121.8898,25.02101],[121.88818,25.0206],[121.88809,25.01942],[121.89067,25.01833],[121.89111,25.01658],[121.89,25.01607],[121.88874,25.01489],[121.887,25.01406],[121.88642,25.01404],[121.8858,25.01464],[121.88494,25.01467],[121.88426,25.01418],[121.88217,25.0137],[121.87999,25.01368],[121.87981,25.01267],[121.87787,25.01026],[121.87856,25.00675],[121.87782,25.00654],[121.87606,25.00388],[121.87567,25.00235],[121.8751,25.00199],[121.87492,25.00018],[121.87451,24.99997],[121.8745,24.99883],[121.87368,24.99822],[121.87209,24.99573],[121.87118,24.99341],[121.87053,24.99257],[121.86833,24.99168],[121.86755,24.99039],[121.86636,24.98976],[121.86405,24.98577],[121.86527,24.98445],[121.86512,24.98371],[121.86431,24.98262],[121.86268,24.98175],[121.86277,24.97986],[121.86243,24.97829],[121.86203,24.97794],[121.86222,24.97662],[121.86197,24.97608],[121.86238,24.97499],[121.86156,24.9749],[121.86106,24.97353],[121.86154,24.96834],[121.86192,24.96763],[121.86086,24.9659],[121.86131,24.96369],[121.86265,24.96327],[121.86407,24.96207],[121.86554,24.96225],[121.87147,24.96077],[121.87379,24.9616],[121.8762,24.96153],[121.8777,24.96256],[121.87937,24.96271],[121.88378,24.96441],[121.88607,24.96423],[121.88833,24.96326],[121.88939,24.96473],[121.89143,24.96508],[121.89574,24.96699],[121.89691,24.96695],[121.89744,24.96726],[121.89943,24.96945],[121.8998,24.97102],[121.90298,24.97439],[121.9043,24.97463],[121.90546,24.97346],[121.90649,24.97429],[121.90696,24.97556],[121.90849,24.97574],[121.91025,24.97477],[121.91066,24.97492],[121.911,24.97675],[121.91268,24.97816],[121.91431,24.97869],[121.91493,24.97926],[121.91663,24.97944],[121.91751,24.97876],[121.91851,24.97896],[121.91917,24.97865],[121.92073,24.97975],[121.92218,24.97867],[121.92315,24.9787],[121.92425,24.97928],[121.92688,24.97981],[121.92694,24.98015],[121.92876,24.97979],[121.92954,24.98062],[121.93067,24.981],[121.93361,24.98087],[121.93405,24.98125],[121.93492,24.98328],[121.93749,24.98298],[121.93864,24.9847],[121.94034,24.98431],[121.94087,24.98466],[121.94133,24.98558],[121.94296,24.9863],[121.94405,24.98782],[121.94464,24.98808],[121.94518,24.98808],[121.94656,24.98701],[121.94753,24.98672],[121.94832,24.98676],[121.9506,24.98831],[121.95242,24.98824]]]},"properties":{"TOWNNAME":"貢寮區"}},{"type":"Feature","geometry":{"type":"Polygon","coordinates":[[[121.49141,25.0946],[121.48886,25.09712],[121.4833,25.10047],[121.46214,25.10284],[121.46157,25.10225],[121.4612,25.10121],[121.46092,25.09914],[121.45825,25.09811],[121.45777,25.09411],[121.45573,25.09229],[121.45464,25.08852],[121.45457,25.08629],[121.45493,25.08378],[121.45549,25.08213],[121.45636,25.08231],[121.4582,25.08064],[121.45949,25.08013],[121.46096,25.07898],[121.46339,25.07784],[121.46463,25.07796],[121.46695,25.07702],[121.46785,25.07634],[121.46955,25.0759],[121.47088,25.0737],[121.47256,25.07292],[121.47475,25.07267],[121.47541,25.07317],[121.47717,25.07708],[121.47955,25.07844],[121.48058,25.07948],[121.48244,25.08176],[121.48296,25.0836],[121.48399,25.08429],[121.48372,25.08762],[121.4843,25.08883],[121.48727,25.09117],[121.48988,25.09251],[121.49141,25.0946]]]},"properties":{"TOWNNAME":"蘆洲區"}},{"type":"Feature","geometry":{"type":"Polygon","coordinates":[[[121.8417,24.95339],[121.8416,24.95414],[121.84207,24.95468],[121.8431,24.95509],[121.84366,24.95684],[121.84426,24.95747],[121.8452,24.95759],[121.84557,24.95793],[121.84573,24.95919],[121.84676,24.96008],[121.84739,24.9604],[121.84921,24.9602],[121.85005,24.96098],[121.8508,24.96121],[121.85259,24.95993],[121.85407,24.96004],[121.85456,24.9615],[121.85845,24.9632],[121.86131,24.96369],[121.86086,24.9659],[121.86192,24.96763],[121.86154,24.96834],[121.86106,24.97353],[121.86156,24.9749],[121.86238,24.97499],[121.86197,24.97608],[121.86222,24.97662],[121.86203,24.97794],[121.86243,24.97829],[121.86277,24.97986],[121.86268,24.98175],[121.86431,24.98262],[121.86512,24.98371],[121.86527,24.98445],[121.86405,24.98577],[121.86636,24.98976],[121.86755,24.99039],[121.86833,24.99168],[121.87053,24.99257],[121.87118,24.99341],[121.87209,24.99573],[121.87368,24.99822],[121.8745,24.99883],[121.87451,24.99997],[121.87492,25.00018],[121.8751,25.00199],[121.87567,25.00235],[121.87606,25.00388],[121.87782,25.00654],[121.87856,25.00675],[121.87787,25.01026],[121.87981,25.01267],[121.87999,25.01368],[121.88217,25.0137],[121.88426,25.01418],[121.88494,25.01467],[121.8858,25.01464],[121.88642,25.01404],[121.887,25.01406],[121.88874,25.01489],[121.89,25.01607],[121.89111,25.01658],[121.89067,25.01833],[121.88809,25.01942],[121.88818,25.0206],[121.8898,25.02101],[121.89037,25.02237],[121.89232,25.02442],[121.8938,25.02426],[121.8939,25.02504],[121.89354,25.02612],[121.8922,25.02819],[121.89422,25.03107],[121.89416,25.03283],[121.89533,25.03503],[121.89546,25.03603],[121.89733,25.03879],[121.89643,25.04066],[121.89716,25.04294],[121.89721,25.04496],[121.89561,25.04674],[121.89551,25.04723],[121.89352,25.04718],[121.89101,25.0478],[121.88974,25.04755],[121.88887,25.04861],[121.88912,25.05138],[121.89062,25.05302],[121.89059,25.05351],[121.88921,25.05481],[121.88894,25.0564],[121.88804,25.05716],[121.88783,25.06086],[121.88721,25.06295],[121.88328,25.0697],[121.88322,25.07145],[121.88254,25.07234],[121.88009,25.07249],[121.87793,25.07438],[121.87716,25.07651],[121.87823,25.07988],[121.87808,25.08089],[121.87849,25.08283],[121.87728,25.08521],[121.87656,25.08567],[121.8764,25.08644],[121.87727,25.09249],[121.87557,25.09496],[121.87484,25.09516],[121.8737,25.09484],[121.87279,25.09393],[121.87143,25.09387],[121.86942,25.09444],[121.8678,25.09391],[121.86668,25.09503],[121.86245,25.09591],[121.86185,25.09648],[121.86074,25.09602],[121.85923,25.09657],[121.85825,25.09651],[121.85765,25.0974],[121.85587,25.09611],[121.85404,25.09566],[121.85335,25.09506],[121.85275,25.09249],[121.85174,25.09069],[121.8517,25.08934],[121.84995,25.08897],[121.84814,25.08945],[121.84747,25.08923],[121.84558,25.08712],[121.8447,25.08537],[121.84379,25.08463],[121.84347,25.08317],[121.84269,25.08203],[121.84058,25.08054],[121.84099,25.07916],[121.83976,25.07699],[121.83652,25.07393],[121.83523,25.07362],[121.83269,25.07182],[121.83186,25.07047],[121.83253,25.06936],[121.8324,25.06873],[121.82963,25.06464],[121.82981,25.06295],[121.83056,25.06206],[121.83065,25.05905],[121.83124,25.05788],[121.83046,25.05659],[121.83055,25.05596],[121.8318,25.0547],[121.83214,25.05312],[121.83295,25.05234],[121.83405,25.04997],[121.83395,25.04816],[121.83495,25.04716],[121.83479,25.04576],[121.83413,25.04518],[121.83388,25.04435],[121.83181,25.04402],[121.83008,25.04508],[121.82924,25.04496],[121.82821,25.04528],[121.82651,25.04477],[121.8251,25.04474],[121.8236,25.04581],[121.82191,25.04584],[121.81948,25.04258],[121.81798,25.04187],[121.81654,25.04175],[121.81581,25.04084],[121.81494,25.04136],[121.81368,25.04119],[121.8124,25.04059],[121.81058,25.03919],[121.80954,25.0377],[121.80888,25.0375],[121.80844,25.03679],[121.80862,25.03478],[121.80677,25.03178],[121.80501,25.03158],[121.8042,25.03098],[121.80272,25.03084],[121.80203,25.03044],[121.79946,25.03007],[121.79871,25.02896],[121.79811,25.02884],[121.79673,25.0271],[121.79588,25.02664],[121.79255,25.0235],[121.79149,25.02293],[121.79023,25.02276],[121.78917,25.02299],[121.78854,25.02231],[121.78823,25.02125],[121.787,25.02045],[121.78477,25.01816],[121.78427,25.01501],[121.78448,25.01401],[121.7841,25.01329],[121.7826,25.01235],[121.78178,25.01112],[121.7815,25.00918],[121.78046,25.0073],[121.77753,25.00552],[121.77491,25.00323],[121.77481,25.00266],[121.77255,25.00172],[121.77142,25.00057],[121.76973,25.00017],[121.76879,24.99957],[121.76857,24.99906],[121.76694,24.99855],[121.76427,24.99624],[121.76371,24.99607],[121.76424,24.99541],[121.76459,24.99378],[121.76503,24.99324],[121.7671,24.99276],[121.76823,24.9917],[121.76867,24.99101],[121.7687,24.99024],[121.76936,24.98967],[121.77052,24.9891],[121.77313,24.98899],[121.77454,24.98828],[121.77551,24.98654],[121.77553,24.98537],[121.77966,24.98366],[121.78113,24.9822],[121.78493,24.98192],[121.78671,24.98313],[121.78981,24.98306],[121.79078,24.9836],[121.79251,24.98341],[121.79292,24.98301],[121.79292,24.98054],[121.79415,24.97757],[121.79392,24.97298],[121.79285,24.97163],[121.79288,24.97097],[121.79188,24.97006],[121.79182,24.96816],[121.79223,24.96636],[121.79164,24.96596],[121.79067,24.96426],[121.7909,24.9624],[121.79032,24.96114],[121.79032,24.95957],[121.79128,24.95762],[121.79129,24.95561],[121.79236,24.95459],[121.79317,24.95445],[121.79333,24.95384],[121.79243,24.95184],[121.79124,24.95135],[121.79033,24.94994],[121.79024,24.94908],[121.78921,24.94704],[121.7879,24.94517],[121.78784,24.94449],[121.7884,24.94294],[121.78954,24.94071],[121.78926,24.93994],[121.78635,24.93723],[121.78598,24.93431],[121.78511,24.93342],[121.78542,24.9321],[121.78527,24.93084],[121.78286,24.92863],[121.78202,24.92828],[121.78062,24.92289],[121.77809,24.91965],[121.78154,24.91797],[121.78377,24.91602],[121.78465,24.91436],[121.78491,24.91107],[121.78617,24.90663],[121.78793,24.90623],[121.78988,24.90403],[121.79104,24.90352],[121.79135,24.90318],[121.79129,24.9026],[121.79211,24.90189],[121.79346,24.8998],[121.79549,24.9],[121.79703,24.90158],[121.79781,24.90107],[121.79891,24.90087],[121.79944,24.90113],[121.80238,24.90105],[121.80323,24.90171],[121.80442,24.90169],[121.80452,24.90126],[121.80492,24.90126],[121.80639,24.90255],[121.80717,24.90261],[121.80764,24.90304],[121.80858,24.90287],[121.81056,24.9036],[121.8106,24.90512],[121.81149,24.90641],[121.81253,24.90629],[121.81309,24.90564],[121.81551,24.90452],[121.81808,24.90272],[121.81946,24.90273],[121.82215,24.90431],[121.82541,24.90518],[121.82629,24.90515],[121.8271,24.90449],[121.82804,24.90533],[121.83174,24.90485],[121.83233,24.90514],[121.83362,24.90666],[121.83468,24.90683],[121.83621,24.90793],[121.83718,24.90936],[121.838,24.90988],[121.8395,24.91226],[121.84253,24.91525],[121.84369,24.91551],[121.84482,24.91675],[121.84563,24.91893],[121.84625,24.91967],[121.85032,24.92229],[121.85123,24.92329],[121.85229,24.92367],[121.85383,24.92505],[121.85426,24.92594],[121.8541,24.92783],[121.85285,24.92831],[121.85203,24.9292],[121.85093,24.92943],[121.84939,24.9304],[121.84939,24.93177],[121.84804,24.93412],[121.84816,24.93533],[121.84709,24.93782],[121.8426,24.9395],[121.84197,24.94081],[121.84012,24.94198],[121.83927,24.94456],[121.83961,24.94562],[121.83952,24.94648],[121.84114,24.94841],[121.84152,24.95018],[121.84211,24.95107],[121.84151,24.95262],[121.8417,24.95339]]]},"properties":{"TOWNNAME":"雙溪區"}},{"type":"Feature","geometry":{"type":"Polygon","coordinates":[[[121.46627,25.03852],[121.471,25.0393],[121.47527,25.03933],[121.47872,25.03972],[121.48228,25.03917],[121.49,25.03927],[121.49361,25.04205],[121.5003,25.04522],[121.50316,25.04819],[121.50686,25.06554],[121.50693,25.07076],[121.50613,25.07466],[121.50251,25.08334],[121.49978,25.08731],[121.49141,25.0946],[121.48988,25.09251],[121.48727,25.09117],[121.4843,25.08883],[121.48372,25.08762],[121.48399,25.08429],[121.48296,25.0836],[121.48244,25.08176],[121.48058,25.07948],[121.47955,25.07844],[121.47717,25.07708],[121.47541,25.07317],[121.47419,25.07259],[121.47104,25.07286],[121.47092,25.0724],[121.47008,25.072],[121.46991,25.06875],[121.46957,25.06843],[121.46847,25.06848],[121.46765,25.06893],[121.46632,25.0662],[121.46661,25.06524],[121.4661,25.06474],[121.46569,25.06152],[121.46726,25.05889],[121.46744,25.05607],[121.46869,25.0529],[121.46791,25.05171],[121.46718,25.04861],[121.46734,25.04763],[121.46587,25.04384],[121.46642,25.04183],[121.46627,25.03852]]]},"properties":{"TOWNNAME":"三重區"}},{"type":"Feature","geometry":{"type":"Polygon","coordinates":[[[121.77553,24.98537],[121.77551,24.98654],[121.77454,24.98828],[121.77313,24.98899],[121.77052,24.9891],[121.76936,24.98967],[121.7687,24.99024],[121.76867,24.99101],[121.76823,24.9917],[121.7671,24.99276],[121.76503,24.99324],[121.76459,24.99378],[121.76424,24.99541],[121.76371,24.99607],[121.76427,24.99624],[121.76694,24.99855],[121.76857,24.99906],[121.76879,24.99957],[121.76973,25.00017],[121.77142,25.00057],[121.77255,25.00172],[121.77481,25.00266],[121.77491,25.00323],[121.77753,25.00552],[121.78046,25.0073],[121.7815,25.00918],[121.78178,25.01112],[121.7826,25.01235],[121.7841,25.01329],[121.78448,25.01401],[121.78427,25.01501],[121.78477,25.01816],[121.787,25.02045],[121.78823,25.02125],[121.78854,25.02231],[121.78917,25.02299],[121.79023,25.02276],[121.79149,25.02293],[121.79255,25.0235],[121.79588,25.02664],[121.79673,25.0271],[121.79811,25.02884],[121.79871,25.02896],[121.79946,25.03007],[121.80203,25.03044],[121.80272,25.03084],[121.8042,25.03098],[121.80501,25.03158],[121.80677,25.03178],[121.80862,25.03478],[121.80844,25.03679],[121.80888,25.0375],[121.80954,25.0377],[121.81058,25.03919],[121.81368,25.04119],[121.81494,25.04136],[121.81581,25.04084],[121.81654,25.04175],[121.81692,25.04182],[121.81676,25.0427],[121.81479,25.04565],[121.81526,25.04651],[121.8153,25.04843],[121.81427,25.05001],[121.81371,25.05158],[121.81352,25.05324],[121.81447,25.05742],[121.81425,25.05808],[121.81269,25.05917],[121.81024,25.05969],[121.8077,25.05867],[121.8072,25.05807],[121.80613,25.05832],[121.80501,25.0605],[121.80517,25.06239],[121.80451,25.06331],[121.80577,25.0652],[121.8058,25.066],[121.80499,25.06721],[121.80349,25.06787],[121.80083,25.07231],[121.79842,25.07561],[121.79582,25.07719],[121.79511,25.07733],[121.78833,25.0754],[121.78792,25.07469],[121.78663,25.07414],[121.78553,25.07294],[121.78205,25.07142],[121.77891,25.07083],[121.77838,25.07118],[121.77775,25.07109],[121.77578,25.07012],[121.77288,25.0666],[121.77234,25.06466],[121.77156,25.0632],[121.76974,25.06349],[121.76858,25.06272],[121.76738,25.06186],[121.76606,25.06023],[121.76446,25.05923],[121.76434,25.05782],[121.76255,25.05685],[121.76148,25.05786],[121.76057,25.05791],[121.7592,25.05929],[121.75866,25.05944],[121.75825,25.05908],[121.75696,25.05921],[121.75497,25.05802],[121.7539,25.05801],[121.75128,25.05722],[121.74951,25.05552],[121.74851,25.05523],[121.74781,25.05373],[121.74712,25.0537],[121.74596,25.053],[121.74424,25.05313],[121.74306,25.05246],[121.74252,25.05295],[121.7402,25.05293],[121.73771,25.05466],[121.733,25.05337],[121.73219,25.05256],[121.72993,25.05311],[121.72772,25.05081],[121.72664,25.04914],[121.72492,25.04832],[121.72301,25.04822],[121.72161,25.04735],[121.71838,25.04395],[121.71774,25.04271],[121.71618,25.04166],[121.71677,25.04031],[121.71606,25.03691],[121.71576,25.03616],[121.71345,25.03465],[121.71305,25.0337],[121.71146,25.03346],[121.70772,25.03372],[121.70547,25.0331],[121.70273,25.03153],[121.70442,25.02759],[121.70488,25.02544],[121.70564,25.02473],[121.70584,25.02359],[121.70571,25.02058],[121.70434,25.0188],[121.70441,25.01827],[121.70511,25.01759],[121.70637,25.0174],[121.70673,25.01486],[121.70727,25.01389],[121.71125,25.01068],[121.71383,25.00609],[121.71439,25.00601],[121.7183,25.0073],[121.71933,25.00725],[121.72002,25.00755],[121.72104,25.00864],[121.72167,25.00851],[121.72243,25.0074],[121.7227,25.0054],[121.72214,25.00135],[121.72189,25.00095],[121.72099,25.00077],[121.72084,24.99959],[121.72141,24.99854],[121.72352,24.99643],[121.72513,24.99208],[121.7269,24.98922],[121.72483,24.98698],[121.72477,24.98384],[121.72444,24.98315],[121.7236,24.98241],[121.72168,24.98199],[121.72099,24.9812],[121.72077,24.98022],[121.71846,24.97992],[121.71719,24.97902],[121.71742,24.97799],[121.71839,24.97676],[121.7183,24.97525],[121.7188,24.97462],[121.72105,24.97395],[121.72416,24.97501],[121.72577,24.97472],[121.728,24.97513],[121.72942,24.97501],[121.73085,24.97567],[121.73332,24.97597],[121.7339,24.97633],[121.73647,24.97567],[121.73687,24.97595],[121.73698,24.97744],[121.73785,24.97789],[121.73876,24.97954],[121.73965,24.97905],[121.74247,24.97962],[121.74419,24.97591],[121.74648,24.97547],[121.74816,24.97449],[121.74909,24.97457],[121.75245,24.97705],[121.75385,24.97694],[121.75662,24.97756],[121.75702,24.97722],[121.75868,24.97692],[121.76058,24.97862],[121.76215,24.97899],[121.76406,24.98072],[121.7666,24.97972],[121.76964,24.97979],[121.77111,24.97948],[121.77299,24.98135],[121.77501,24.98525],[121.77553,24.98537]]]},"properties":{"TOWNNAME":"平溪區"}},{"type":"Feature","geometry":{"type":"Polygon","coordinates":[[[121.44796,25.06242],[121.44528,25.064],[121.44498,25.06911],[121.44305,25.06872],[121.44304,25.06821],[121.44235,25.06735],[121.441,25.0678],[121.44059,25.06765],[121.44056,25.06705],[121.43916,25.06707],[121.43863,25.06503],[121.43769,25.06442],[121.43671,25.06502],[121.43586,25.06612],[121.43499,25.06654],[121.43195,25.06618],[121.43217,25.06745],[121.43159,25.0686],[121.43102,25.06897],[121.42218,25.06923],[121.41979,25.0689],[121.41749,25.06981],[121.41578,25.07048],[121.41473,25.0722],[121.41065,25.07528],[121.40865,25.07587],[121.402,25.07519],[121.40021,25.07548],[121.39853,25.07647],[121.39805,25.07617],[121.39945,25.07469],[121.39952,25.07374],[121.39912,25.07271],[121.39938,25.07228],[121.39915,25.06889],[121.39844,25.06825],[121.39888,25.06805],[121.39954,25.06837],[121.40116,25.07011],[121.40179,25.06988],[121.40204,25.07017],[121.40155,25.07163],[121.40215,25.07161],[121.40307,25.07064],[121.40364,25.07075],[121.40427,25.07013],[121.40588,25.07025],[121.40623,25.06887],[121.40598,25.06862],[121.40454,25.06795],[121.40319,25.06802],[121.40257,25.06693],[121.40336,25.06642],[121.40339,25.06602],[121.40409,25.06591],[121.40567,25.0648],[121.40565,25.06353],[121.4038,25.06274],[121.40366,25.06418],[121.40285,25.06366],[121.40021,25.06318],[121.40014,25.06375],[121.40061,25.06453],[121.4002,25.06465],[121.40003,25.06528],[121.39836,25.06575],[121.39726,25.06572],[121.39489,25.06674],[121.39511,25.06723],[121.39643,25.06749],[121.39668,25.06793],[121.39557,25.06858],[121.39663,25.06999],[121.397,25.07117],[121.39711,25.07238],[121.39616,25.07309],[121.39222,25.07051],[121.39207,25.06962],[121.39138,25.06924],[121.38975,25.06914],[121.38975,25.068],[121.38919,25.06791],[121.38828,25.06796],[121.38852,25.06839],[121.38836,25.06977],[121.38747,25.07031],[121.38715,25.0714],[121.38698,25.07197],[121.38796,25.07226],[121.38785,25.07251],[121.38638,25.07286],[121.386,25.07259],[121.38555,25.07024],[121.38406,25.07155],[121.37844,25.07193],[121.37753,25.07262],[121.37715,25.07233],[121.37807,25.07127],[121.3791,25.07068],[121.38048,25.07065],[121.38268,25.06968],[121.38293,25.06876],[121.38243,25.06848],[121.383,25.06802],[121.38313,25.06733],[121.38269,25.0669],[121.38275,25.0659],[121.38012,25.06589],[121.38023,25.06476],[121.38229,25.06418],[121.38319,25.06287],[121.38586,25.06329],[121.38747,25.06267],[121.38806,25.06305],[121.38807,25.06181],[121.39097,25.06163],[121.39076,25.06097],[121.38887,25.06076],[121.3885,25.06015],[121.38753,25.05968],[121.38989,25.05901],[121.38949,25.0586],[121.38861,25.05848],[121.38862,25.05731],[121.386,25.05815],[121.38562,25.05783],[121.38598,25.05666],[121.38747,25.0554],[121.38597,25.0533],[121.38469,25.05292],[121.38485,25.05257],[121.38764,25.05334],[121.38821,25.05308],[121.38931,25.05364],[121.38937,25.05303],[121.39044,25.05318],[121.39082,25.05367],[121.39154,25.05368],[121.39141,25.05414],[121.39317,25.05389],[121.39867,25.05148],[121.40059,25.05161],[121.40025,25.05089],[121.40035,25.0498],[121.39997,25.04965],[121.3988,25.05034],[121.3984,25.05016],[121.39879,25.04861],[121.39717,25.04949],[121.3957,25.04948],[121.39487,25.0504],[121.39418,25.05005],[121.39457,25.04876],[121.39426,25.04821],[121.39436,25.04738],[121.39564,25.04848],[121.39687,25.04851],[121.39715,25.04814],[121.39955,25.04776],[121.39893,25.0468],[121.39792,25.04648],[121.39755,25.04599],[121.39878,25.04574],[121.3995,25.046],[121.39985,25.04503],[121.4029,25.04565],[121.40675,25.04464],[121.4081,25.0446],[121.40914,25.04409],[121.41025,25.04292],[121.41048,25.04223],[121.4097,25.04133],[121.40995,25.04105],[121.4108,25.04163],[121.41083,25.04094],[121.41184,25.04074],[121.41194,25.04037],[121.41147,25.03953],[121.41179,25.03916],[121.41296,25.0392],[121.41327,25.03891],[121.41289,25.03521],[121.41434,25.03461],[121.41572,25.03508],[121.41676,25.03489],[121.41759,25.0338],[121.41825,25.0336],[121.41783,25.03191],[121.41699,25.03055],[121.41841,25.03033],[121.42159,25.02874],[121.42614,25.03021],[121.42415,25.03201],[121.42549,25.0327],[121.43085,25.03914],[121.4327,25.04094],[121.43598,25.03915],[121.43658,25.03924],[121.43685,25.03987],[121.43748,25.04329],[121.44007,25.0417],[121.44118,25.04159],[121.44207,25.04188],[121.44177,25.04541],[121.44019,25.04715],[121.44188,25.04759],[121.4421,25.04794],[121.44076,25.0504],[121.44107,25.05075],[121.44071,25.05201],[121.44024,25.05241],[121.43964,25.05226],[121.43976,25.05361],[121.43874,25.05518],[121.43877,25.05576],[121.43954,25.05679],[121.44252,25.05788],[121.44427,25.05889],[121.44421,25.05941],[121.44468,25.05967],[121.44537,25.05898],[121.446,25.05965],[121.44697,25.05937],[121.44706,25.06063],[121.44773,25.06091],[121.44796,25.06242]]]},"properties":{"TOWNNAME":"泰山區"}},{"type":"Feature","geometry":{"type":"Polygon","coordinates":[[[121.43008,24.99516],[121.43087,24.99606],[121.431,24.99823],[121.43168,24.99905],[121.433,24.99979],[121.43635,25.00029],[121.43669,25.00184],[121.43688,25.00656],[121.43724,25.00804],[121.43791,25.00901],[121.43796,25.01116],[121.44318,25.01866],[121.44569,25.02313],[121.4484,25.02688],[121.45133,25.03023],[121.45483,25.03289],[121.4624,25.03718],[121.46627,25.03852],[121.46642,25.04183],[121.46587,25.04384],[121.46734,25.04763],[121.46718,25.04861],[121.46791,25.05171],[121.46869,25.0529],[121.46862,25.05355],[121.46785,25.0547],[121.46744,25.05607],[121.46726,25.05889],[121.46569,25.06152],[121.4661,25.06474],[121.46475,25.06552],[121.46425,25.06755],[121.46019,25.06999],[121.45438,25.06365],[121.45333,25.0637],[121.45275,25.06414],[121.45086,25.06189],[121.45097,25.06118],[121.45064,25.06082],[121.45009,25.06086],[121.44796,25.06242],[121.44773,25.06091],[121.44706,25.06063],[121.44697,25.05937],[121.446,25.05965],[121.44537,25.05898],[121.44468,25.05967],[121.44421,25.05941],[121.44427,25.05889],[121.44252,25.05788],[121.43954,25.05679],[121.43877,25.05576],[121.43874,25.05518],[121.43976,25.05361],[121.43964,25.05226],[121.44024,25.05241],[121.44071,25.05201],[121.44107,25.05075],[121.44076,25.0504],[121.4421,25.04794],[121.44188,25.04759],[121.44019,25.04715],[121.44177,25.04541],[121.44207,25.04188],[121.44118,25.04159],[121.44007,25.0417],[121.43748,25.04329],[121.43685,25.03987],[121.43658,25.03924],[121.43598,25.03915],[121.4327,25.04094],[121.43085,25.03914],[121.42549,25.0327],[121.42415,25.03201],[121.42614,25.03021],[121.42159,25.02874],[121.41841,25.03033],[121.41699,25.03055],[121.41783,25.03191],[121.41825,25.0336],[121.41759,25.0338],[121.41676,25.03489],[121.41572,25.03508],[121.41434,25.03461],[121.41289,25.03521],[121.41327,25.03891],[121.41296,25.0392],[121.41179,25.03916],[121.41147,25.03953],[121.41194,25.04037],[121.41184,25.04074],[121.41083,25.04094],[121.4108,25.04163],[121.40995,25.04105],[121.4097,25.04133],[121.41048,25.04223],[121.41025,25.04292],[121.40914,25.04409],[121.4081,25.0446],[121.40675,25.04464],[121.4029,25.04565],[121.40029,25.04512],[121.4002,25.04463],[121.39935,25.04454],[121.39864,25.04393],[121.40138,25.0432],[121.40066,25.04285],[121.39946,25.04296],[121.39744,25.04404],[121.39429,25.04477],[121.39124,25.04403],[121.39099,25.04374],[121.39227,25.04191],[121.39454,25.04069],[121.39427,25.03942],[121.39572,25.03929],[121.39707,25.03864],[121.39887,25.03874],[121.39944,25.03768],[121.39991,25.03756],[121.40057,25.03791],[121.40114,25.03757],[121.39955,25.03601],[121.39997,25.03498],[121.401,25.03469],[121.39957,25.0336],[121.39917,25.03245],[121.3994,25.03156],[121.39896,25.03138],[121.39748,25.03175],[121.39776,25.03135],[121.39761,25.03063],[121.39875,25.02983],[121.3997,25.02958],[121.40052,25.02858],[121.40137,25.02844],[121.40104,25.02717],[121.40152,25.02643],[121.40237,25.0258],[121.40366,25.0255],[121.40462,25.02384],[121.40788,25.0213],[121.40933,25.02094],[121.41056,25.02121],[121.4123,25.01915],[121.41248,25.0203],[121.41312,25.02036],[121.41392,25.01949],[121.41503,25.01976],[121.41695,25.01946],[121.41755,25.02002],[121.41831,25.01942],[121.42007,25.01905],[121.42314,25.01692],[121.42392,25.01684],[121.42353,25.01509],[121.42403,25.01509],[121.42404,25.01368],[121.42525,25.01291],[121.42569,25.012],[121.4262,25.01183],[121.42661,25.01077],[121.42712,25.01051],[121.42653,25.01025],[121.42714,25.00822],[121.42827,25.00857],[121.42912,25.00831],[121.42925,25.00725],[121.42992,25.00691],[121.42973,25.00648],[121.4303,25.00588],[121.42999,25.00548],[121.43122,25.00459],[121.43221,25.00322],[121.43171,25.00293],[121.43094,25.00097],[121.4312,24.99983],[121.43051,24.99823],[121.43008,24.99516]]]},"properties":{"TOWNNAME":"新莊區"}},{"type":"Feature","geometry":{"type":"Polygon","coordinates":[[[121.64479,24.86077],[121.64686,24.86338],[121.64814,24.86765],[121.65007,24.86825],[121.6511,24.86956],[121.65316,24.87038],[121.65343,24.87097],[121.65323,24.87221],[121.65347,24.87378],[121.65426,24.87673],[121.65298,24.87809],[121.65049,24.87907],[121.64966,24.88027],[121.65135,24.8844],[121.65145,24.88764],[121.65284,24.88986],[121.65128,24.89219],[121.64976,24.89303],[121.64906,24.89523],[121.6492,24.89573],[121.65015,24.89614],[121.65159,24.89758],[121.65286,24.89775],[121.65317,24.8984],[121.6572,24.89975],[121.66071,24.90161],[121.66197,24.9031],[121.66152,24.90491],[121.66334,24.90641],[121.66489,24.90696],[121.66555,24.90776],[121.66596,24.90849],[121.66448,24.91038],[121.66426,24.91282],[121.66319,24.91483],[121.66402,24.91606],[121.66618,24.91701],[121.66899,24.91752],[121.6734,24.91993],[121.67383,24.92069],[121.67486,24.92137],[121.6771,24.92149],[121.67765,24.92216],[121.6762,24.92319],[121.67501,24.92625],[121.67149,24.92855],[121.67009,24.93022],[121.66957,24.93893],[121.66731,24.93965],[121.66699,24.94001],[121.66644,24.94414],[121.6667,24.9448],[121.66599,24.94535],[121.66614,24.94781],[121.66567,24.94984],[121.66711,24.95235],[121.66973,24.95231],[121.67197,24.95324],[121.67608,24.95406],[121.68064,24.95446],[121.68278,24.95628],[121.68335,24.95734],[121.68526,24.95823],[121.68581,24.95881],[121.68577,24.95978],[121.68797,24.96277],[121.6892,24.96355],[121.69159,24.96312],[121.69443,24.96449],[121.6988,24.96467],[121.7005,24.96657],[121.70249,24.96687],[121.7047,24.97051],[121.70675,24.97149],[121.70782,24.9726],[121.71003,24.97228],[121.71085,24.97178],[121.71207,24.97231],[121.71373,24.97168],[121.71492,24.97074],[121.71612,24.97082],[121.71743,24.97137],[121.71791,24.97116],[121.71839,24.97676],[121.71742,24.97799],[121.71719,24.97902],[121.71846,24.97992],[121.72077,24.98022],[121.72099,24.9812],[121.72168,24.98199],[121.7236,24.98241],[121.72444,24.98315],[121.72477,24.98384],[121.72483,24.98698],[121.7269,24.98922],[121.72513,24.99208],[121.72352,24.99643],[121.72141,24.99854],[121.72084,24.99959],[121.72099,25.00077],[121.72189,25.00095],[121.72214,25.00135],[121.7227,25.0054],[121.72221,25.00782],[121.72167,25.00851],[121.72104,25.00864],[121.72002,25.00755],[121.71933,25.00725],[121.7183,25.0073],[121.71439,25.00601],[121.71383,25.00609],[121.71125,25.01068],[121.70727,25.01389],[121.70673,25.01486],[121.70637,25.0174],[121.70511,25.01759],[121.70441,25.01827],[121.70434,25.0188],[121.70571,25.02058],[121.70564,25.02473],[121.70488,25.02544],[121.70442,25.02759],[121.70209,25.03255],[121.69909,25.03462],[121.69714,25.03515],[121.69594,25.0364],[121.69581,25.03743],[121.69649,25.03845],[121.69656,25.04011],[121.69621,25.04128],[121.69442,25.04127],[121.69181,25.04185],[121.68599,25.04034],[121.68277,25.03891],[121.6815,25.03755],[121.67869,25.03638],[121.67701,25.03462],[121.6735,25.03453],[121.67202,25.03412],[121.67149,25.03317],[121.67075,25.03279],[121.66616,25.0337],[121.66467,25.03006],[121.66535,25.02549],[121.66428,25.02339],[121.6635,25.02284],[121.6595,25.02338],[121.65775,25.02325],[121.65517,25.0238],[121.65406,25.02439],[121.65193,25.02389],[121.65026,25.02402],[121.64639,25.02172],[121.64471,25.02365],[121.64307,25.0245],[121.64077,25.02362],[121.63955,25.02097],[121.63959,25.02034],[121.64071,25.01848],[121.64091,25.01642],[121.64149,25.01528],[121.6413,25.01287],[121.64077,25.01235],[121.64068,25.01177],[121.64126,25.01063],[121.64077,25.00933],[121.6409,25.00876],[121.64188,25.00823],[121.64194,25.00782],[121.63967,25.00551],[121.63934,25.00488],[121.63957,25.00367],[121.64058,25.00248],[121.64282,25.00189],[121.64549,25.00188],[121.64548,24.99908],[121.64584,24.99821],[121.64487,24.99753],[121.64453,24.99667],[121.64415,24.99661],[121.64378,24.99514],[121.63776,24.99495],[121.63655,24.99368],[121.6364,24.99272],[121.63757,24.99136],[121.63718,24.98948],[121.63742,24.98845],[121.63699,24.9874],[121.63709,24.98655],[121.63774,24.98312],[121.63886,24.98159],[121.63887,24.98072],[121.63762,24.97997],[121.63718,24.97916],[121.63507,24.97799],[121.63455,24.97811],[121.63223,24.976],[121.62916,24.97407],[121.62753,24.97255],[121.62512,24.97115],[121.6198,24.96901],[121.61991,24.96774],[121.6192,24.967],[121.61786,24.96683],[121.61707,24.96744],[121.61518,24.96631],[121.61404,24.96644],[121.61302,24.96606],[121.60937,24.96412],[121.61049,24.95979],[121.6103,24.95687],[121.60976,24.95636],[121.60804,24.95633],[121.60848,24.95218],[121.60816,24.9511],[121.6067,24.94976],[121.60705,24.94715],[121.60668,24.94631],[121.60609,24.94625],[121.60515,24.94691],[121.60164,24.94714],[121.60127,24.94706],[121.59998,24.94496],[121.59808,24.94478],[121.598,24.94343],[121.59866,24.94198],[121.59954,24.94096],[121.5998,24.93883],[121.59877,24.93841],[121.59736,24.93682],[121.59644,24.93479],[121.5965,24.93277],[121.5961,24.93238],[121.59506,24.9289],[121.59424,24.92734],[121.5947,24.92671],[121.5949,24.925],[121.59561,24.92381],[121.59584,24.9206],[121.59563,24.91979],[121.59653,24.91871],[121.59691,24.91211],[121.59716,24.91157],[121.59845,24.91064],[121.59787,24.91012],[121.59649,24.91021],[121.59531,24.91092],[121.59398,24.91328],[121.59182,24.91428],[121.58903,24.91431],[121.58434,24.91135],[121.57837,24.90872],[121.57309,24.90899],[121.57225,24.90872],[121.5714,24.90819],[121.57086,24.90676],[121.56665,24.90373],[121.5668,24.90341],[121.568,24.9033],[121.56925,24.90185],[121.57193,24.90009],[121.5764,24.89864],[121.57868,24.89604],[121.57885,24.89463],[121.5782,24.893],[121.57823,24.89054],[121.57746,24.88839],[121.57662,24.8874],[121.5764,24.88619],[121.57696,24.884],[121.57777,24.88338],[121.57702,24.88172],[121.5781,24.87953],[121.57767,24.87847],[121.57684,24.87785],[121.57609,24.87519],[121.57715,24.8746],[121.57847,24.87418],[121.58037,24.8742],[121.58531,24.87244],[121.58646,24.87116],[121.58842,24.86999],[121.59007,24.86947],[121.59099,24.86775],[121.59214,24.8664],[121.59593,24.86629],[121.59672,24.86576],[121.59732,24.86443],[121.59962,24.86396],[121.60082,24.8633],[121.60871,24.86317],[121.61454,24.86147],[121.6154,24.86075],[121.61769,24.86182],[121.61858,24.86193],[121.61948,24.86152],[121.62061,24.86324],[121.62117,24.8633],[121.62588,24.8615],[121.62968,24.86149],[121.63193,24.85947],[121.63402,24.85889],[121.63512,24.85747],[121.6358,24.85767],[121.63654,24.85891],[121.63754,24.85931],[121.63862,24.86102],[121.63999,24.86179],[121.64124,24.86199],[121.6433,24.86068],[121.64479,24.86077]]]},"properties":{"TOWNNAME":"石碇區"}},{"type":"Feature","geometry":{"type":"Polygon","coordinates":[[[121.42873,24.97221],[121.43242,24.97435],[121.43402,24.97728],[121.43579,24.97948],[121.4363,24.98155],[121.4382,24.98436],[121.43892,24.98656],[121.44027,24.98851],[121.441,24.99081],[121.4427,24.99285],[121.44418,24.99109],[121.44922,24.9927],[121.45016,24.99267],[121.45258,24.99105],[121.45305,24.99108],[121.45372,24.99332],[121.45495,24.99536],[121.45529,24.99588],[121.45633,24.99602],[121.45633,24.99436],[121.45708,24.99168],[121.46016,24.99052],[121.45998,24.98934],[121.46073,24.98895],[121.46146,24.98899],[121.46334,24.98917],[121.46494,24.98974],[121.46683,24.99078],[121.46649,24.99126],[121.46721,24.99195],[121.46734,24.99262],[121.46687,24.99325],[121.46649,24.99311],[121.46435,24.99555],[121.46451,24.99624],[121.46571,24.99776],[121.4656,24.99823],[121.4665,25.0004],[121.46589,25.002],[121.46761,25.00299],[121.468,25.0046],[121.47007,25.00611],[121.47376,25.00811],[121.47568,25.01091],[121.48036,25.01165],[121.48121,25.01166],[121.48181,25.01129],[121.48221,25.0119],[121.48134,25.01279],[121.48261,25.01376],[121.48522,25.01346],[121.48857,25.01396],[121.48784,25.01948],[121.48876,25.02302],[121.48613,25.02914],[121.48603,25.03003],[121.48629,25.03259],[121.4874,25.03581],[121.48879,25.03803],[121.49,25.03927],[121.48228,25.03917],[121.47872,25.03972],[121.46795,25.03894],[121.4624,25.03718],[121.45483,25.03289],[121.45133,25.03023],[121.44728,25.02546],[121.44318,25.01866],[121.43796,25.01116],[121.43791,25.00901],[121.43724,25.00804],[121.43688,25.00656],[121.43669,25.00184],[121.43635,25.00029],[121.433,24.99979],[121.43168,24.99905],[121.431,24.99823],[121.43087,24.99606],[121.42883,24.99356],[121.42854,24.99221],[121.4265,24.99077],[121.42495,24.98913],[121.42451,24.98724],[121.42539,24.98626],[121.42646,24.98336],[121.4268,24.98134],[121.42649,24.98053],[121.42654,24.97928],[121.42856,24.97779],[121.42793,24.97611],[121.42705,24.97568],[121.42668,24.97401],[121.42682,24.97303],[121.42704,24.97266],[121.42873,24.97221]]]},"properties":{"TOWNNAME":"板橋區"}},{"type":"Feature","geometry":{"type":"Polygon","coordinates":[[[121.6198,24.96901],[121.62512,24.97115],[121.62753,24.97255],[121.62916,24.97407],[121.63223,24.976],[121.63455,24.97811],[121.63507,24.97799],[121.63718,24.97916],[121.63762,24.97997],[121.63887,24.98072],[121.63886,24.98159],[121.63774,24.98312],[121.63709,24.98655],[121.63699,24.9874],[121.63742,24.98845],[121.63718,24.98948],[121.63757,24.99136],[121.6364,24.99272],[121.63655,24.99368],[121.63776,24.99495],[121.64378,24.99514],[121.64415,24.99661],[121.64453,24.99667],[121.64487,24.99753],[121.64584,24.99821],[121.64548,24.99908],[121.64549,25.00188],[121.64282,25.00189],[121.64058,25.00248],[121.63957,25.00367],[121.63934,25.00488],[121.63967,25.00551],[121.64194,25.00782],[121.64188,25.00823],[121.6409,25.00876],[121.64077,25.00933],[121.64126,25.01063],[121.64068,25.01177],[121.64077,25.01235],[121.6413,25.01287],[121.64149,25.01528],[121.64091,25.01642],[121.64071,25.01848],[121.63959,25.02034],[121.63955,25.02097],[121.64077,25.02362],[121.63766,25.02411],[121.63607,25.02375],[121.6327,25.0255],[121.63172,25.02543],[121.6305,25.02428],[121.63014,25.02224],[121.62884,25.01997],[121.6279,25.01944],[121.62724,25.01956],[121.62317,25.01721],[121.62051,25.01831],[121.61926,25.01802],[121.61771,25.01829],[121.61635,25.0196],[121.61327,25.01912],[121.61267,25.01955],[121.61052,25.01979],[121.60935,25.02088],[121.60763,25.01938],[121.60395,25.01895],[121.60287,25.01674],[121.60276,25.0153],[121.60059,25.01484],[121.59735,25.01482],[121.59714,25.01439],[121.59743,25.01352],[121.59728,25.01292],[121.59653,25.01237],[121.59565,25.00886],[121.59578,25.00471],[121.59613,25.00431],[121.5971,25.00452],[121.59764,25.00423],[121.59957,25.00247],[121.60044,25.00081],[121.60046,24.99869],[121.59972,24.99755],[121.59968,24.99673],[121.59836,24.9954],[121.59809,24.99448],[121.59835,24.9936],[121.59934,24.99279],[121.599,24.9917],[121.60119,24.99058],[121.60175,24.9898],[121.60187,24.98878],[121.60185,24.98836],[121.60038,24.98752],[121.59994,24.98691],[121.60059,24.98048],[121.60032,24.97952],[121.59954,24.97896],[121.59935,24.97843],[121.60044,24.97666],[121.60402,24.97533],[121.60559,24.97427],[121.60904,24.97462],[121.6114,24.97448],[121.61299,24.97347],[121.61445,24.97341],[121.6163,24.97162],[121.61958,24.97033],[121.61986,24.96989],[121.6198,24.96901]]]},"properties":{"TOWNNAME":"深坑區"}},{"type":"Feature","geometry":{"type":"Polygon","coordinates":[[[121.53108,24.99491],[121.53069,24.99647],[121.53067,25.00005],[121.5312,25.00125],[121.53402,25.00202],[121.53421,25.00356],[121.53264,25.00607],[121.53183,25.00882],[121.53129,25.00938],[121.52845,25.01034],[121.52592,25.01178],[121.52137,25.01788],[121.51852,25.02001],[121.51395,25.0215],[121.51176,25.02189],[121.51069,25.02193],[121.50916,25.0215],[121.50523,25.01778],[121.5004,25.01203],[121.49822,25.0105],[121.49568,25.00928],[121.49401,25.00915],[121.49503,25.00827],[121.49632,25.00819],[121.49779,25.00886],[121.49886,25.00885],[121.50264,25.00708],[121.50374,25.00697],[121.50497,25.0062],[121.50723,25.00556],[121.50822,25.00441],[121.50889,25.00411],[121.50865,25.00279],[121.50653,25.00073],[121.50647,24.99984],[121.50821,24.99979],[121.51253,25.00444],[121.51432,25.00411],[121.51501,25.00155],[121.51396,25.00022],[121.51466,24.99765],[121.51395,24.99617],[121.51195,24.99377],[121.51278,24.9933],[121.514,24.99344],[121.51554,24.99483],[121.5168,24.99514],[121.51838,24.99616],[121.52433,24.99722],[121.52568,24.99725],[121.52664,24.9955],[121.52841,24.99521],[121.52944,24.99541],[121.53108,24.99491]]]},"properties":{"TOWNNAME":"永和區"}},{"type":"Feature","geometry":{"type":"Polygon","coordinates":[[[121.40757,24.95213],[121.40976,24.95405],[121.41055,24.95603],[121.4102,24.95698],[121.4103,24.95939],[121.40989,24.96106],[121.41002,24.96273],[121.41062,24.96396],[121.41018,24.96462],[121.41027,24.96497],[121.4121,24.96546],[121.41269,24.96609],[121.4177,24.96752],[121.4199,24.96775],[121.42301,24.96904],[121.42607,24.97176],[121.42767,24.97179],[121.42873,24.97221],[121.42704,24.97266],[121.42682,24.97303],[121.42668,24.97401],[121.42705,24.97568],[121.42793,24.97611],[121.42856,24.97779],[121.42654,24.97928],[121.42649,24.98053],[121.4268,24.98134],[121.42646,24.98336],[121.42539,24.98626],[121.42451,24.98724],[121.42451,24.98779],[121.42495,24.98913],[121.4265,24.99077],[121.42854,24.99221],[121.42883,24.99356],[121.43008,24.99516],[121.43051,24.99823],[121.4312,24.99983],[121.43094,25.00097],[121.43171,25.00293],[121.43221,25.00322],[121.43122,25.00459],[121.42999,25.00548],[121.4303,25.00588],[121.42973,25.00648],[121.42992,25.00691],[121.42925,25.00725],[121.42912,25.00831],[121.42827,25.00857],[121.42714,25.00822],[121.42653,25.01025],[121.42712,25.01051],[121.42661,25.01077],[121.4262,25.01183],[121.42569,25.012],[121.42525,25.01291],[121.42404,25.01368],[121.42403,25.01509],[121.42353,25.01509],[121.42392,25.01684],[121.42314,25.01692],[121.42007,25.01905],[121.41831,25.01942],[121.41755,25.02002],[121.41695,25.01946],[121.41503,25.01976],[121.41392,25.01949],[121.41312,25.02036],[121.41248,25.0203],[121.41247,25.01938],[121.41158,25.01834],[121.40929,25.01847],[121.40757,25.01748],[121.40389,25.01702],[121.40162,25.01599],[121.3972,25.01615],[121.39636,25.01508],[121.39509,25.01448],[121.39437,25.01453],[121.39302,25.01552],[121.39233,25.01528],[121.39262,25.01387],[121.39222,25.01284],[121.39157,25.01229],[121.39227,25.01088],[121.39417,25.00946],[121.39928,25.00717],[121.4003,25.00536],[121.40003,25.00456],[121.4013,25.00293],[121.40203,25.00248],[121.40175,25.00094],[121.40235,25.00001],[121.4021,24.99935],[121.40017,24.99841],[121.3986,24.99834],[121.39793,24.99756],[121.39686,24.99733],[121.3963,24.99544],[121.39409,24.99348],[121.39186,24.99366],[121.39107,24.99329],[121.39041,24.9934],[121.38966,24.99493],[121.38805,24.99636],[121.38431,24.99574],[121.3839,24.99533],[121.38368,24.99413],[121.38421,24.99116],[121.38337,24.99054],[121.38358,24.98892],[121.38331,24.98729],[121.38437,24.98612],[121.3843,24.98561],[121.38229,24.98395],[121.38103,24.98427],[121.37936,24.98374],[121.37818,24.98293],[121.37681,24.98136],[121.37237,24.97983],[121.37021,24.97757],[121.36858,24.97679],[121.3691,24.975],[121.37061,24.97293],[121.37183,24.97253],[121.3757,24.97004],[121.37598,24.96953],[121.37586,24.9685],[121.3769,24.96772],[121.37759,24.96637],[121.37803,24.96612],[121.37803,24.96566],[121.37888,24.96532],[121.38167,24.96535],[121.38236,24.96475],[121.37958,24.96236],[121.37858,24.96067],[121.37658,24.96009],[121.37511,24.95925],[121.37348,24.95904],[121.36873,24.95614],[121.36604,24.95558],[121.36586,24.95159],[121.36353,24.94771],[121.36178,24.94653],[121.36163,24.94529],[121.36254,24.94518],[121.36385,24.94587],[121.36547,24.94743],[121.36807,24.94732],[121.37052,24.94658],[121.37315,24.94667],[121.37504,24.94507],[121.3762,24.9449],[121.37967,24.94588],[121.38108,24.94571],[121.38224,24.94503],[121.38322,24.94394],[121.38397,24.94369],[121.38809,24.94455],[121.38916,24.94518],[121.39327,24.94508],[121.39469,24.94633],[121.39598,24.94644],[121.39661,24.94575],[121.39595,24.94489],[121.39595,24.9442],[121.39724,24.94268],[121.39966,24.94371],[121.40111,24.94497],[121.4018,24.94583],[121.40183,24.94661],[121.40274,24.94839],[121.40757,24.95213]]]},"properties":{"TOWNNAME":"樹林區"}},{"type":"Feature","geometry":{"type":"Polygon","coordinates":[[[121.52734,24.98701],[121.52681,24.98714],[121.52686,24.98751],[121.52811,24.98861],[121.53028,24.99214],[121.53108,24.99491],[121.52944,24.99541],[121.52841,24.99521],[121.52664,24.9955],[121.52568,24.99725],[121.52433,24.99722],[121.51838,24.99616],[121.5168,24.99514],[121.51554,24.99483],[121.514,24.99344],[121.51278,24.9933],[121.51195,24.99377],[121.51395,24.99617],[121.51466,24.99765],[121.51396,25.00022],[121.51501,25.00155],[121.51432,25.00411],[121.51253,25.00444],[121.50821,24.99979],[121.50647,24.99984],[121.50653,25.00073],[121.50865,25.00279],[121.50889,25.00411],[121.50822,25.00441],[121.50723,25.00556],[121.50497,25.0062],[121.50374,25.00697],[121.50264,25.00708],[121.49886,25.00885],[121.49779,25.00886],[121.49632,25.00819],[121.49503,25.00827],[121.49401,25.00915],[121.49197,25.0094],[121.49011,25.01077],[121.48893,25.01271],[121.48857,25.01396],[121.48522,25.01346],[121.48261,25.01376],[121.48134,25.01279],[121.48221,25.0119],[121.48181,25.01129],[121.48121,25.01166],[121.48036,25.01165],[121.47568,25.01091],[121.47376,25.00811],[121.47007,25.00611],[121.468,25.0046],[121.46761,25.00299],[121.46589,25.002],[121.4665,25.0004],[121.4656,24.99823],[121.46571,24.99776],[121.46451,24.99624],[121.46435,24.99555],[121.46649,24.99311],[121.46749,24.99326],[121.46925,24.99439],[121.46938,24.99264],[121.47025,24.99218],[121.47134,24.99324],[121.47269,24.99402],[121.47338,24.99404],[121.47432,24.99358],[121.47474,24.99241],[121.47615,24.99098],[121.47995,24.99032],[121.47873,24.9875],[121.4745,24.98392],[121.47437,24.9834],[121.47578,24.97966],[121.4777,24.97931],[121.47955,24.97764],[121.47968,24.97615],[121.48087,24.97548],[121.48203,24.9735],[121.48141,24.97176],[121.48011,24.97068],[121.47963,24.96787],[121.47875,24.96686],[121.48,24.96511],[121.48008,24.964],[121.48161,24.96398],[121.48299,24.96341],[121.48352,24.96337],[121.48315,24.96404],[121.48463,24.96498],[121.48582,24.9649],[121.49042,24.96745],[121.49158,24.96753],[121.4942,24.96919],[121.49514,24.96922],[121.49807,24.9708],[121.49955,24.97077],[121.50017,24.97025],[121.50153,24.96999],[121.50241,24.97036],[121.50282,24.97148],[121.5038,24.97217],[121.5043,24.97346],[121.50553,24.97386],[121.50588,24.97501],[121.50695,24.97593],[121.50905,24.97663],[121.5105,24.97781],[121.51113,24.97915],[121.51253,24.97985],[121.51352,24.98114],[121.51439,24.98166],[121.5138,24.98337],[121.5147,24.9845],[121.51509,24.98615],[121.51592,24.98706],[121.51817,24.98779],[121.51884,24.98828],[121.51989,24.98805],[121.52292,24.98819],[121.52333,24.98758],[121.52254,24.98552],[121.52256,24.98476],[121.52272,24.98439],[121.52328,24.98427],[121.52499,24.98492],[121.52734,24.98701]]]},"properties":{"TOWNNAME":"中和區"}},{"type":"Feature","geometry":{"type":"Polygon","coordinates":[[[121.45746,24.94597],[121.45956,24.94786],[121.46151,24.9476],[121.46315,24.94877],[121.46369,24.94961],[121.46699,24.95161],[121.46734,24.95253],[121.46712,24.95308],[121.4681,24.95454],[121.46995,24.95469],[121.47058,24.95526],[121.47149,24.95534],[121.47219,24.95609],[121.47232,24.95784],[121.47203,24.95882],[121.47226,24.95922],[121.47402,24.96086],[121.47572,24.96143],[121.47805,24.96304],[121.47953,24.96347],[121.48008,24.964],[121.48,24.96511],[121.47875,24.96686],[121.47963,24.96787],[121.48011,24.97068],[121.48141,24.97176],[121.48203,24.9735],[121.48087,24.97548],[121.47968,24.97615],[121.47955,24.97764],[121.4777,24.97931],[121.47578,24.97966],[121.47437,24.9834],[121.4745,24.98392],[121.47873,24.9875],[121.47995,24.99032],[121.47615,24.99098],[121.47474,24.99241],[121.47432,24.99358],[121.47338,24.99404],[121.47269,24.99402],[121.47134,24.99324],[121.47025,24.99218],[121.46938,24.99264],[121.46925,24.99439],[121.46749,24.99326],[121.46687,24.99325],[121.46734,24.99262],[121.46721,24.99195],[121.46649,24.99126],[121.46683,24.99078],[121.46334,24.98917],[121.46073,24.98895],[121.45998,24.98934],[121.46016,24.99052],[121.45708,24.99168],[121.45633,24.99436],[121.45633,24.99602],[121.45529,24.99588],[121.45495,24.99536],[121.45372,24.99332],[121.45305,24.99108],[121.45258,24.99105],[121.45016,24.99267],[121.44922,24.9927],[121.44418,24.99109],[121.4427,24.99285],[121.441,24.99081],[121.44027,24.98851],[121.43892,24.98656],[121.4382,24.98436],[121.4363,24.98155],[121.43579,24.97948],[121.43402,24.97728],[121.43242,24.97435],[121.42873,24.97221],[121.42767,24.97179],[121.42607,24.97176],[121.42301,24.96904],[121.4199,24.96775],[121.4177,24.96752],[121.41269,24.96609],[121.4121,24.96546],[121.41027,24.96497],[121.41018,24.96462],[121.41062,24.96396],[121.41002,24.96273],[121.40989,24.96106],[121.4103,24.95939],[121.4102,24.95698],[121.41055,24.95603],[121.40976,24.95405],[121.40757,24.95213],[121.40885,24.95129],[121.40847,24.95028],[121.40859,24.94758],[121.40884,24.94732],[121.40881,24.9462],[121.40934,24.94556],[121.40919,24.94479],[121.40978,24.94309],[121.40915,24.94174],[121.41041,24.94131],[121.41377,24.94136],[121.41447,24.94056],[121.41487,24.93941],[121.41635,24.93875],[121.41761,24.93751],[121.41833,24.93768],[121.41949,24.93871],[121.42126,24.93834],[121.42336,24.93833],[121.42591,24.93845],[121.42688,24.93905],[121.43047,24.93913],[121.43226,24.93999],[121.43276,24.94082],[121.43327,24.94097],[121.43418,24.9403],[121.43685,24.93567],[121.43741,24.93573],[121.43921,24.93624],[121.43987,24.93711],[121.44248,24.93779],[121.44279,24.93842],[121.44465,24.93986],[121.44827,24.94181],[121.45053,24.94385],[121.45192,24.94442],[121.45478,24.94465],[121.45563,24.94516],[121.45639,24.9462],[121.45746,24.94597]]]},"properties":{"TOWNNAME":"土城區"}},{"type":"Feature","geometry":{"type":"Polygon","coordinates":[[[121.48869,24.86225],[121.49198,24.86524],[121.49348,24.8673],[121.49405,24.86751],[121.49496,24.86856],[121.49815,24.87022],[121.49944,24.87045],[121.50176,24.87282],[121.5033,24.87322],[121.50599,24.87479],[121.50734,24.87643],[121.50879,24.87751],[121.51757,24.88073],[121.52117,24.88338],[121.52418,24.88378],[121.52637,24.88351],[121.52959,24.88511],[121.53265,24.88761],[121.53568,24.89204],[121.53697,24.89216],[121.53822,24.89323],[121.53981,24.89371],[121.54082,24.89337],[121.54358,24.89047],[121.54654,24.88835],[121.54837,24.88884],[121.54984,24.8905],[121.55177,24.8913],[121.555,24.89155],[121.55937,24.89037],[121.56417,24.8867],[121.56457,24.88419],[121.56426,24.88192],[121.56485,24.88059],[121.56439,24.87835],[121.56459,24.87709],[121.56683,24.87698],[121.56865,24.87758],[121.57046,24.87653],[121.57068,24.87688],[121.57148,24.87679],[121.57383,24.87483],[121.57609,24.87519],[121.57684,24.87785],[121.57767,24.87847],[121.5781,24.87953],[121.57702,24.88172],[121.57777,24.88338],[121.57696,24.884],[121.5764,24.88619],[121.57662,24.8874],[121.57746,24.88839],[121.57823,24.89054],[121.5782,24.893],[121.57885,24.89463],[121.57868,24.89604],[121.5764,24.89864],[121.57193,24.90009],[121.56925,24.90185],[121.568,24.9033],[121.5668,24.90341],[121.56665,24.90373],[121.57086,24.90676],[121.5714,24.90819],[121.57225,24.90872],[121.57309,24.90899],[121.57837,24.90872],[121.58434,24.91135],[121.58903,24.91431],[121.59182,24.91428],[121.59398,24.91328],[121.59531,24.91092],[121.59649,24.91021],[121.59787,24.91012],[121.59845,24.91064],[121.59716,24.91157],[121.59691,24.91211],[121.59653,24.91871],[121.59563,24.91979],[121.59584,24.9206],[121.59561,24.92381],[121.5949,24.925],[121.5947,24.92671],[121.59424,24.92734],[121.59506,24.9289],[121.5961,24.93238],[121.5965,24.93277],[121.59644,24.93479],[121.59736,24.93682],[121.59877,24.93841],[121.5998,24.93883],[121.59954,24.94096],[121.59866,24.94198],[121.598,24.94343],[121.59808,24.94478],[121.59998,24.94496],[121.60127,24.94706],[121.60164,24.94714],[121.60515,24.94691],[121.60609,24.94625],[121.60668,24.94631],[121.60688,24.9467],[121.60698,24.94853],[121.6067,24.94976],[121.60816,24.9511],[121.60848,24.95218],[121.60804,24.95633],[121.60976,24.95636],[121.6103,24.95687],[121.61049,24.95979],[121.60937,24.96412],[121.60462,24.96303],[121.60176,24.96099],[121.59847,24.96112],[121.59766,24.96047],[121.59719,24.96045],[121.59504,24.96159],[121.59331,24.9642],[121.59196,24.96405],[121.59115,24.96463],[121.58867,24.96338],[121.5878,24.9637],[121.5856,24.96334],[121.58492,24.96437],[121.58442,24.96459],[121.58147,24.96489],[121.57824,24.96657],[121.5771,24.96641],[121.57459,24.96682],[121.57439,24.96517],[121.57291,24.964],[121.57007,24.96429],[121.56626,24.96397],[121.56438,24.96457],[121.5612,24.96458],[121.5604,24.96499],[121.55873,24.96797],[121.55766,24.97201],[121.55635,24.9733],[121.55513,24.97667],[121.55419,24.97703],[121.55367,24.97799],[121.5532,24.98092],[121.55407,24.98447],[121.55269,24.98664],[121.55169,24.98734],[121.55104,24.98716],[121.55078,24.98525],[121.54891,24.98378],[121.54594,24.98333],[121.54497,24.98366],[121.54424,24.98456],[121.54457,24.98775],[121.54407,24.98818],[121.53956,24.98764],[121.53754,24.9882],[121.53593,24.98943],[121.53558,24.99078],[121.53703,24.99328],[121.53687,24.99418],[121.53537,24.99549],[121.53475,24.99416],[121.53242,24.991],[121.52832,24.98729],[121.52734,24.98701],[121.52499,24.98492],[121.52328,24.98427],[121.52272,24.98439],[121.52254,24.98552],[121.52333,24.98758],[121.52292,24.98819],[121.51989,24.98805],[121.51884,24.98828],[121.51817,24.98779],[121.51592,24.98706],[121.51509,24.98615],[121.5147,24.9845],[121.5138,24.98337],[121.51439,24.98166],[121.51352,24.98114],[121.51253,24.97985],[121.51113,24.97915],[121.5105,24.97781],[121.50905,24.97663],[121.50695,24.97593],[121.50588,24.97501],[121.50553,24.97386],[121.5043,24.97346],[121.5038,24.97217],[121.50282,24.97148],[121.50241,24.97036],[121.50194,24.97004],[121.50017,24.97025],[121.49955,24.97077],[121.49807,24.9708],[121.49514,24.96922],[121.4942,24.96919],[121.49158,24.96753],[121.49042,24.96745],[121.48582,24.9649],[121.48463,24.96498],[121.48315,24.96404],[121.48352,24.96337],[121.48161,24.96398],[121.48008,24.964],[121.47953,24.96347],[121.47805,24.96304],[121.47572,24.96143],[121.47402,24.96086],[121.47203,24.95882],[121.47232,24.95784],[121.47197,24.95577],[121.47149,24.95534],[121.47058,24.95526],[121.46995,24.95469],[121.4681,24.95454],[121.46712,24.95308],[121.46734,24.95253],[121.46699,24.95161],[121.46369,24.94961],[121.46315,24.94877],[121.46151,24.9476],[121.46026,24.94789],[121.45894,24.94751],[121.45746,24.94597],[121.45745,24.94545],[121.45827,24.94361],[121.45883,24.93944],[121.46074,24.93791],[121.46046,24.93633],[121.46005,24.93582],[121.45992,24.93426],[121.46071,24.93394],[121.46241,24.93391],[121.46401,24.93334],[121.4663,24.93204],[121.46759,24.93172],[121.46834,24.93089],[121.46919,24.93077],[121.46985,24.93123],[121.47086,24.93123],[121.47161,24.93077],[121.47369,24.93088],[121.4767,24.92915],[121.47752,24.92918],[121.47843,24.92866],[121.48013,24.92892],[121.48349,24.92842],[121.48481,24.92781],[121.48569,24.92643],[121.48594,24.92537],[121.48933,24.92074],[121.48992,24.91924],[121.49187,24.91734],[121.4917,24.91481],[121.49095,24.91401],[121.49092,24.91283],[121.49047,24.91171],[121.48962,24.9112],[121.49006,24.91028],[121.49,24.90933],[121.4893,24.90838],[121.49015,24.90723],[121.49099,24.90484],[121.49259,24.90349],[121.49134,24.90292],[121.49045,24.90171],[121.48967,24.90128],[121.48825,24.90123],[121.48772,24.90068],[121.48652,24.90046],[121.48583,24.89959],[121.4857,24.89914],[121.48627,24.89816],[121.4851,24.89787],[121.48447,24.8973],[121.48296,24.89514],[121.48287,24.89425],[121.48047,24.89052],[121.47862,24.88946],[121.47795,24.88814],[121.4755,24.88602],[121.47556,24.88484],[121.47499,24.88188],[121.47272,24.87922],[121.47197,24.87744],[121.47203,24.87689],[121.47272,24.87623],[121.47448,24.87568],[121.47517,24.87433],[121.47673,24.87323],[121.47766,24.87128],[121.47939,24.87013],[121.47769,24.86587],[121.47882,24.86472],[121.47894,24.86372],[121.4805,24.86177],[121.48329,24.86188],[121.48477,24.86276],[121.48567,24.86293],[121.48671,24.86242],[121.48869,24.86225]]]},"properties":{"TOWNNAME":"新店區"}},{"type":"Feature","geometry":{"type":"Polygon","coordinates":[[[121.71975,24.84671],[121.7207,24.84811],[121.72061,24.84851],[121.7217,24.84965],[121.72538,24.85102],[121.72707,24.85311],[121.73065,24.85536],[121.73294,24.85586],[121.73673,24.85569],[121.73852,24.85519],[121.74193,24.85251],[121.74263,24.85244],[121.74575,24.85287],[121.74724,24.8537],[121.74806,24.85503],[121.75074,24.8545],[121.75113,24.8549],[121.75358,24.8551],[121.75346,24.85592],[121.75397,24.8563],[121.75687,24.85677],[121.76097,24.85682],[121.76097,24.85773],[121.76187,24.85831],[121.76205,24.85906],[121.76145,24.86006],[121.76285,24.86113],[121.76317,24.8603],[121.76418,24.85985],[121.76542,24.86117],[121.76603,24.86258],[121.76675,24.86324],[121.76772,24.86354],[121.76742,24.86497],[121.76798,24.86563],[121.7692,24.86581],[121.77115,24.86491],[121.77277,24.86517],[121.77493,24.86499],[121.77553,24.86533],[121.7758,24.866],[121.77526,24.86694],[121.7765,24.86892],[121.77722,24.86944],[121.77736,24.87073],[121.78073,24.87225],[121.78312,24.87412],[121.78443,24.87375],[121.78516,24.8741],[121.78478,24.87496],[121.785,24.87567],[121.78436,24.87736],[121.78232,24.87911],[121.78245,24.88062],[121.782,24.88237],[121.78231,24.88705],[121.78177,24.88925],[121.78192,24.88974],[121.7833,24.89032],[121.78549,24.89041],[121.78584,24.89072],[121.78555,24.89195],[121.78633,24.89276],[121.7884,24.89286],[121.78993,24.89343],[121.79074,24.89469],[121.79001,24.89652],[121.79002,24.89759],[121.79236,24.9],[121.79346,24.8998],[121.79211,24.90189],[121.79129,24.9026],[121.79135,24.90318],[121.79104,24.90352],[121.78988,24.90403],[121.78793,24.90623],[121.78617,24.90663],[121.78491,24.91107],[121.78465,24.91436],[121.78377,24.91602],[121.78154,24.91797],[121.77809,24.91965],[121.78062,24.92289],[121.78202,24.92828],[121.78286,24.92863],[121.78527,24.93084],[121.78542,24.9321],[121.78511,24.93342],[121.78598,24.93431],[121.78635,24.93723],[121.78926,24.93994],[121.78954,24.94071],[121.7884,24.94294],[121.78784,24.94449],[121.7879,24.94517],[121.78921,24.94704],[121.79024,24.94908],[121.79033,24.94994],[121.79124,24.95135],[121.79243,24.95184],[121.79333,24.95384],[121.79317,24.95445],[121.79236,24.95459],[121.79129,24.95561],[121.79128,24.95762],[121.79032,24.95957],[121.79032,24.96114],[121.7909,24.9624],[121.79067,24.96426],[121.79164,24.96596],[121.79223,24.96636],[121.79182,24.96816],[121.79188,24.97006],[121.79288,24.97097],[121.79285,24.97163],[121.79392,24.97298],[121.79415,24.97757],[121.79292,24.98054],[121.79292,24.98301],[121.79251,24.98341],[121.79078,24.9836],[121.78981,24.98306],[121.78671,24.98313],[121.78493,24.98192],[121.78201,24.98197],[121.78113,24.9822],[121.77966,24.98366],[121.77553,24.98537],[121.77501,24.98525],[121.77299,24.98135],[121.77111,24.97948],[121.76964,24.97979],[121.7666,24.97972],[121.76406,24.98072],[121.76215,24.97899],[121.76058,24.97862],[121.75868,24.97692],[121.75702,24.97722],[121.75662,24.97756],[121.75385,24.97694],[121.75245,24.97705],[121.74909,24.97457],[121.74816,24.97449],[121.74648,24.97547],[121.74419,24.97591],[121.74247,24.97962],[121.73965,24.97905],[121.73876,24.97954],[121.73785,24.97789],[121.73698,24.97744],[121.73687,24.97595],[121.73647,24.97567],[121.7339,24.97633],[121.73332,24.97597],[121.73085,24.97567],[121.72942,24.97501],[121.728,24.97513],[121.72577,24.97472],[121.72416,24.97501],[121.72105,24.97395],[121.71838,24.97489],[121.7179,24.9727],[121.71791,24.97116],[121.71743,24.97137],[121.71612,24.97082],[121.71492,24.97074],[121.71373,24.97168],[121.71207,24.97231],[121.71085,24.97178],[121.71003,24.97228],[121.70782,24.9726],[121.70675,24.97149],[121.7047,24.97051],[121.70249,24.96687],[121.7005,24.96657],[121.6988,24.96467],[121.69443,24.96449],[121.69159,24.96312],[121.6892,24.96355],[121.68797,24.96277],[121.68577,24.95978],[121.68581,24.95881],[121.68526,24.95823],[121.68335,24.95734],[121.68278,24.95628],[121.68064,24.95446],[121.67608,24.95406],[121.67197,24.95324],[121.66973,24.95231],[121.66711,24.95235],[121.66579,24.95024],[121.66567,24.94943],[121.66614,24.94781],[121.66599,24.94535],[121.6667,24.9448],[121.66644,24.94414],[121.66671,24.94085],[121.66731,24.93965],[121.66957,24.93893],[121.67009,24.93022],[121.67149,24.92855],[121.67501,24.92625],[121.6762,24.92319],[121.67765,24.92216],[121.6771,24.92149],[121.67486,24.92137],[121.67383,24.92069],[121.6734,24.91993],[121.66899,24.91752],[121.66618,24.91701],[121.66402,24.91606],[121.66319,24.91483],[121.66426,24.91282],[121.66448,24.91038],[121.66596,24.90849],[121.66555,24.90776],[121.66489,24.90696],[121.66334,24.90641],[121.66152,24.90491],[121.66197,24.9031],[121.66071,24.90161],[121.6572,24.89975],[121.65317,24.8984],[121.65286,24.89775],[121.65159,24.89758],[121.65015,24.89614],[121.6492,24.89573],[121.64906,24.89523],[121.64976,24.89303],[121.65128,24.89219],[121.65284,24.88986],[121.65145,24.88764],[121.65135,24.8844],[121.64966,24.88027],[121.65049,24.87907],[121.65298,24.87809],[121.65426,24.87673],[121.65347,24.87378],[121.65323,24.87221],[121.65343,24.87097],[121.65316,24.87038],[121.6511,24.86956],[121.65007,24.86825],[121.64814,24.86765],[121.64686,24.86338],[121.64479,24.86077],[121.64516,24.85995],[121.64572,24.85936],[121.64887,24.85791],[121.65289,24.85517],[121.65529,24.85096],[121.6569,24.84972],[121.65941,24.85084],[121.66379,24.84972],[121.6646,24.84965],[121.66541,24.85033],[121.66986,24.84797],[121.67056,24.84848],[121.6731,24.84921],[121.67413,24.8489],[121.67699,24.84972],[121.67784,24.84946],[121.67793,24.84906],[121.67977,24.84965],[121.68176,24.84966],[121.6824,24.8502],[121.68477,24.84987],[121.68562,24.84944],[121.68764,24.84988],[121.68822,24.84969],[121.68855,24.84859],[121.69046,24.84826],[121.69102,24.84769],[121.69181,24.84647],[121.69216,24.84481],[121.69267,24.84432],[121.69432,24.84356],[121.69572,24.84366],[121.69783,24.84286],[121.69992,24.84287],[121.70451,24.842],[121.70598,24.84012],[121.70794,24.83886],[121.70846,24.8391],[121.70883,24.8404],[121.71134,24.84136],[121.71426,24.84177],[121.71528,24.843],[121.71545,24.84425],[121.71831,24.8455],[121.71987,24.84564],[121.71975,24.84671]]]},"properties":{"TOWNNAME":"坪林區"}},{"type":"Feature","geometry":{"type":"Polygon","coordinates":[[[121.33947,24.92841],[121.34401,24.9312],[121.34635,24.93354],[121.34831,24.93616],[121.35919,24.94216],[121.3601,24.94423],[121.36163,24.94529],[121.36178,24.94653],[121.36353,24.94771],[121.3654,24.95067],[121.36599,24.95228],[121.36604,24.95558],[121.36873,24.95614],[121.37348,24.95904],[121.37511,24.95925],[121.37658,24.96009],[121.37858,24.96067],[121.37958,24.96236],[121.38236,24.96475],[121.38167,24.96535],[121.37888,24.96532],[121.37803,24.96566],[121.37803,24.96612],[121.37759,24.96637],[121.3769,24.96772],[121.37586,24.9685],[121.37598,24.96953],[121.3757,24.97004],[121.37183,24.97253],[121.37061,24.97293],[121.3691,24.975],[121.36821,24.97732],[121.36576,24.97858],[121.3651,24.97858],[121.36385,24.97961],[121.36216,24.97915],[121.36144,24.97868],[121.36122,24.97797],[121.35856,24.97816],[121.35718,24.97783],[121.35414,24.97782],[121.35344,24.97852],[121.35303,24.98033],[121.35224,24.98085],[121.34839,24.97952],[121.34774,24.97891],[121.34662,24.97896],[121.34495,24.97996],[121.34323,24.98171],[121.34256,24.98154],[121.3409,24.98022],[121.34033,24.98016],[121.33914,24.98076],[121.33782,24.98044],[121.33663,24.98067],[121.33569,24.97986],[121.33335,24.97888],[121.33017,24.97865],[121.32731,24.9823],[121.32618,24.98245],[121.32531,24.98195],[121.32739,24.97907],[121.32706,24.97634],[121.32845,24.97582],[121.3284,24.97542],[121.32384,24.97297],[121.32356,24.97205],[121.3238,24.97134],[121.32716,24.97321],[121.32777,24.97325],[121.32809,24.97281],[121.3288,24.96985],[121.3284,24.96836],[121.32715,24.96715],[121.3269,24.96649],[121.32887,24.96775],[121.32963,24.96692],[121.32957,24.96658],[121.32816,24.96551],[121.32905,24.96267],[121.32928,24.96058],[121.32814,24.95537],[121.32823,24.94923],[121.32943,24.94725],[121.33166,24.94556],[121.33016,24.94441],[121.32471,24.94359],[121.31583,24.93853],[121.31822,24.93484],[121.32111,24.93384],[121.32203,24.93226],[121.32568,24.9288],[121.33304,24.92988],[121.33473,24.92957],[121.33621,24.92886],[121.33947,24.92841]]]},"properties":{"TOWNNAME":"鶯歌區"}},{"type":"Feature","geometry":{"type":"Polygon","coordinates":[[[121.45035,24.79095],[121.45127,24.79186],[121.45453,24.79183],[121.45619,24.79254],[121.45632,24.79297],[121.45566,24.79495],[121.45585,24.79699],[121.45548,24.79876],[121.45767,24.80028],[121.4583,24.80125],[121.45899,24.80133],[121.46024,24.80271],[121.46175,24.80537],[121.46356,24.8062],[121.46663,24.80638],[121.46977,24.80771],[121.47231,24.81003],[121.47353,24.81352],[121.47575,24.81435],[121.47801,24.81598],[121.48164,24.81586],[121.48249,24.81703],[121.48337,24.81754],[121.4839,24.81818],[121.48419,24.81975],[121.483,24.82101],[121.4824,24.8225],[121.48049,24.82365],[121.48046,24.82405],[121.4836,24.82837],[121.48357,24.83009],[121.48401,24.83143],[121.48683,24.83427],[121.49056,24.83463],[121.49448,24.83649],[121.49489,24.83706],[121.49486,24.83998],[121.4963,24.84196],[121.49684,24.84513],[121.49646,24.84642],[121.49709,24.84826],[121.49709,24.84917],[121.49606,24.85115],[121.49397,24.85201],[121.49325,24.8527],[121.49278,24.85373],[121.49303,24.85528],[121.49266,24.857],[121.48884,24.86167],[121.48869,24.86225],[121.48671,24.86242],[121.48567,24.86293],[121.48477,24.86276],[121.48329,24.86188],[121.4805,24.86177],[121.47894,24.86372],[121.47882,24.86472],[121.47769,24.86587],[121.47939,24.87013],[121.47766,24.87128],[121.47673,24.87323],[121.47517,24.87433],[121.47448,24.87568],[121.47272,24.87623],[121.47203,24.87689],[121.47197,24.87744],[121.47272,24.87922],[121.47499,24.88188],[121.47556,24.88484],[121.4755,24.88602],[121.47795,24.88814],[121.47862,24.88946],[121.48047,24.89052],[121.48287,24.89425],[121.48296,24.89514],[121.48447,24.8973],[121.4851,24.89787],[121.48627,24.89816],[121.4857,24.89914],[121.48583,24.89959],[121.48652,24.90046],[121.48772,24.90068],[121.48825,24.90123],[121.48967,24.90128],[121.49045,24.90171],[121.49134,24.90292],[121.49259,24.90349],[121.49099,24.90484],[121.49015,24.90723],[121.4893,24.90838],[121.49,24.90933],[121.49006,24.91028],[121.48962,24.9112],[121.49047,24.91171],[121.49092,24.91283],[121.49095,24.91401],[121.4917,24.91481],[121.49187,24.91734],[121.48992,24.91924],[121.48933,24.92074],[121.48594,24.92537],[121.48569,24.92643],[121.48481,24.92781],[121.48349,24.92842],[121.48013,24.92892],[121.47843,24.92866],[121.47752,24.92918],[121.4767,24.92915],[121.47369,24.93088],[121.47161,24.93077],[121.47086,24.93123],[121.46985,24.93123],[121.46919,24.93077],[121.46834,24.93089],[121.46759,24.93172],[121.4663,24.93204],[121.46401,24.93334],[121.46241,24.93391],[121.46071,24.93394],[121.45992,24.93426],[121.46005,24.93582],[121.46046,24.93633],[121.46074,24.93791],[121.45883,24.93944],[121.45827,24.94361],[121.45746,24.94597],[121.45686,24.94617],[121.45604,24.94603],[121.45563,24.94516],[121.45478,24.94465],[121.45192,24.94442],[121.45053,24.94385],[121.44827,24.94181],[121.44465,24.93986],[121.44279,24.93842],[121.44248,24.93779],[121.43987,24.93711],[121.43921,24.93624],[121.43741,24.93573],[121.43685,24.93567],[121.43418,24.9403],[121.43327,24.94097],[121.43276,24.94082],[121.43226,24.93999],[121.43047,24.93913],[121.42688,24.93905],[121.42591,24.93845],[121.42336,24.93833],[121.42126,24.93834],[121.41949,24.93871],[121.41833,24.93768],[121.41761,24.93751],[121.41635,24.93875],[121.41487,24.93941],[121.41447,24.94056],[121.41377,24.94136],[121.41041,24.94131],[121.40915,24.94174],[121.40978,24.94309],[121.40919,24.94479],[121.40934,24.94556],[121.40881,24.9462],[121.40884,24.94732],[121.40859,24.94758],[121.40847,24.95028],[121.40885,24.95129],[121.40757,24.95213],[121.40274,24.94839],[121.40183,24.94661],[121.4018,24.94583],[121.40111,24.94497],[121.39966,24.94371],[121.39724,24.94268],[121.39595,24.9442],[121.39595,24.94489],[121.39661,24.94575],[121.39598,24.94644],[121.39469,24.94633],[121.39327,24.94508],[121.38916,24.94518],[121.38809,24.94455],[121.38397,24.94369],[121.38322,24.94394],[121.38224,24.94503],[121.38108,24.94571],[121.37967,24.94588],[121.3762,24.9449],[121.37504,24.94507],[121.37315,24.94667],[121.37052,24.94658],[121.3693,24.94715],[121.36547,24.94743],[121.36444,24.94622],[121.36254,24.94518],[121.36163,24.94529],[121.3601,24.94423],[121.35919,24.94216],[121.34831,24.93616],[121.34635,24.93354],[121.34401,24.9312],[121.33947,24.92841],[121.33676,24.92579],[121.33447,24.92472],[121.33061,24.92508],[121.32714,24.92464],[121.32469,24.92345],[121.32113,24.92008],[121.31992,24.91789],[121.31996,24.91689],[121.32078,24.91548],[121.32178,24.91488],[121.32135,24.91359],[121.32267,24.91241],[121.32372,24.90995],[121.3261,24.90903],[121.32564,24.90633],[121.32361,24.90432],[121.3218,24.90339],[121.32205,24.90216],[121.32322,24.9005],[121.32316,24.90015],[121.32156,24.89977],[121.32043,24.90026],[121.32009,24.89948],[121.32559,24.89714],[121.32694,24.89579],[121.32816,24.89594],[121.32891,24.89701],[121.33057,24.89764],[121.33159,24.89957],[121.33222,24.89986],[121.33348,24.89923],[121.33373,24.89889],[121.33307,24.89785],[121.33321,24.89604],[121.33265,24.89524],[121.33262,24.89417],[121.33265,24.89366],[121.33322,24.89309],[121.33332,24.89179],[121.33363,24.89148],[121.33514,24.8916],[121.33554,24.89212],[121.33783,24.8927],[121.33843,24.8919],[121.34087,24.89087],[121.34154,24.89007],[121.34104,24.88874],[121.34117,24.88774],[121.34225,24.8847],[121.34127,24.88455],[121.34075,24.8838],[121.34103,24.88277],[121.34317,24.88016],[121.34393,24.87985],[121.34474,24.88017],[121.34562,24.88002],[121.34722,24.87871],[121.34979,24.87878],[121.35079,24.87849],[121.35202,24.87688],[121.35343,24.87652],[121.35341,24.87476],[121.35404,24.87411],[121.35419,24.87323],[121.35356,24.87152],[121.35244,24.8706],[121.35028,24.86993],[121.3491,24.86866],[121.34618,24.86837],[121.3455,24.86799],[121.34348,24.86457],[121.34397,24.86231],[121.34476,24.86137],[121.3468,24.86049],[121.34812,24.86044],[121.35358,24.85854],[121.35403,24.85688],[121.35508,24.85577],[121.35605,24.85486],[121.35703,24.8544],[121.35787,24.85452],[121.35812,24.85423],[121.35816,24.8536],[121.35776,24.8532],[121.35528,24.85359],[121.35459,24.85313],[121.3545,24.85244],[121.35388,24.85189],[121.35361,24.85078],[121.35317,24.85035],[121.35201,24.85066],[121.35195,24.85022],[121.35299,24.84928],[121.35271,24.84905],[121.34982,24.84967],[121.35039,24.84881],[121.34867,24.84843],[121.34822,24.85007],[121.34838,24.85067],[121.34809,24.85098],[121.34772,24.85078],[121.34772,24.85006],[121.34625,24.85017],[121.34303,24.84875],[121.34153,24.84863],[121.34049,24.84897],[121.33902,24.84851],[121.33864,24.84876],[121.33805,24.84836],[121.33539,24.84812],[121.33584,24.84646],[121.33564,24.84405],[121.33595,24.84365],[121.33671,24.84331],[121.34044,24.84361],[121.34619,24.84571],[121.34819,24.84571],[121.35488,24.84365],[121.35772,24.83962],[121.36037,24.8382],[121.3619,24.83786],[121.36472,24.83804],[121.36582,24.83736],[121.36977,24.83632],[121.37112,24.83529],[121.37279,24.83498],[121.37295,24.83404],[121.37333,24.83384],[121.3762,24.83391],[121.37795,24.8344],[121.38041,24.83616],[121.38323,24.83683],[121.38383,24.83763],[121.38477,24.84024],[121.38546,24.84084],[121.38803,24.84244],[121.38947,24.84224],[121.39169,24.84307],[121.39304,24.84407],[121.39417,24.84424],[121.39717,24.84345],[121.3988,24.84236],[121.40144,24.84235],[121.40304,24.84334],[121.40598,24.8422],[121.40877,24.84065],[121.40999,24.83896],[121.41143,24.83841],[121.41275,24.83698],[121.41572,24.83549],[121.41503,24.83363],[121.41387,24.83228],[121.41387,24.83171],[121.41616,24.82873],[121.41616,24.82747],[121.41675,24.82581],[121.41879,24.8254],[121.42349,24.8256],[121.42392,24.82534],[121.42505,24.82302],[121.42514,24.82047],[121.42712,24.81907],[121.4279,24.81726],[121.42846,24.81697],[121.42924,24.81574],[121.43037,24.81459],[121.43175,24.81379],[121.43645,24.81224],[121.4367,24.8119],[121.43663,24.81015],[121.43741,24.8078],[121.4371,24.80551],[121.43779,24.80485],[121.43808,24.80373],[121.4381,24.80098],[121.43725,24.79875],[121.43797,24.79583],[121.43866,24.79514],[121.44113,24.79379],[121.4426,24.79213],[121.44423,24.7915],[121.44579,24.79021],[121.44733,24.79006],[121.44936,24.79109],[121.45035,24.79095]]]},"properties":{"TOWNNAME":"三峽區"}},{"type":"Feature","geometry":{"type":"Polygon","coordinates":[[[121.53815,24.69865],[121.5378,24.6997],[121.53834,24.70051],[121.54089,24.70235],[121.54169,24.70357],[121.54293,24.70464],[121.54304,24.70541],[121.54355,24.7057],[121.54539,24.70572],[121.54648,24.70618],[121.54817,24.70615],[121.54974,24.70568],[121.55102,24.7059],[121.55416,24.70822],[121.55612,24.71112],[121.5566,24.71136],[121.55826,24.71091],[121.56254,24.71292],[121.56542,24.71174],[121.56793,24.71168],[121.56967,24.71289],[121.57026,24.71401],[121.57225,24.71047],[121.57487,24.71021],[121.57716,24.71476],[121.57748,24.71667],[121.57725,24.71742],[121.57742,24.72035],[121.57815,24.72234],[121.57914,24.72249],[121.58407,24.7204],[121.58702,24.72017],[121.58811,24.7208],[121.59077,24.72386],[121.59197,24.72417],[121.59387,24.72592],[121.59658,24.727],[121.59757,24.72778],[121.5979,24.72897],[121.59763,24.72931],[121.59419,24.72925],[121.59363,24.72986],[121.59371,24.73062],[121.59495,24.73235],[121.59495,24.7332],[121.594,24.73503],[121.59475,24.73674],[121.59527,24.73949],[121.59493,24.74093],[121.59421,24.74117],[121.59297,24.74284],[121.59198,24.74333],[121.59159,24.74494],[121.59223,24.74572],[121.59435,24.74627],[121.59602,24.74842],[121.59525,24.74874],[121.59475,24.74995],[121.59431,24.75028],[121.59268,24.75028],[121.59021,24.7514],[121.58899,24.75542],[121.58918,24.75696],[121.59074,24.75888],[121.59056,24.76125],[121.59344,24.7649],[121.59612,24.76668],[121.59632,24.76703],[121.5955,24.76903],[121.5975,24.77198],[121.59753,24.7725],[121.59446,24.77884],[121.59432,24.78096],[121.59325,24.782],[121.59337,24.78496],[121.59309,24.78596],[121.59203,24.78722],[121.59228,24.78751],[121.59339,24.78726],[121.59848,24.7876],[121.60257,24.78924],[121.60556,24.78911],[121.60693,24.79007],[121.60953,24.79367],[121.61001,24.79377],[121.61338,24.7932],[121.61683,24.79384],[121.62051,24.79255],[121.62138,24.79252],[121.62286,24.79398],[121.62588,24.79541],[121.62601,24.79675],[121.62488,24.80171],[121.62494,24.80231],[121.62598,24.8029],[121.62651,24.80549],[121.62574,24.80876],[121.62611,24.80886],[121.62831,24.80797],[121.62889,24.80808],[121.62992,24.80893],[121.63142,24.80922],[121.63471,24.80916],[121.63723,24.80947],[121.63877,24.81065],[121.63991,24.81036],[121.64192,24.81046],[121.64365,24.80943],[121.64467,24.80921],[121.64554,24.8096],[121.64624,24.81049],[121.64718,24.81385],[121.64876,24.81263],[121.65054,24.81293],[121.65144,24.81191],[121.65282,24.81136],[121.66053,24.81093],[121.66102,24.81182],[121.66297,24.81261],[121.66717,24.81603],[121.66887,24.81683],[121.669,24.81775],[121.66936,24.81793],[121.67354,24.81441],[121.67454,24.81404],[121.67528,24.81453],[121.6773,24.814],[121.67906,24.81532],[121.68036,24.81707],[121.68134,24.81756],[121.68317,24.81686],[121.68584,24.81751],[121.6866,24.81717],[121.68733,24.81617],[121.68778,24.81597],[121.68845,24.81618],[121.68933,24.81709],[121.68904,24.81938],[121.69009,24.82108],[121.6898,24.8225],[121.68784,24.82422],[121.68803,24.82546],[121.69036,24.82697],[121.69231,24.82728],[121.69432,24.82905],[121.69611,24.82971],[121.69642,24.83029],[121.69626,24.832],[121.69672,24.83315],[121.69673,24.83433],[121.69837,24.83437],[121.69897,24.83534],[121.69937,24.83545],[121.70073,24.83444],[121.70195,24.83435],[121.70671,24.83775],[121.70747,24.83894],[121.70598,24.84012],[121.70451,24.842],[121.69992,24.84287],[121.69783,24.84286],[121.69572,24.84366],[121.69432,24.84356],[121.69267,24.84432],[121.69216,24.84481],[121.69181,24.84647],[121.69102,24.84769],[121.69046,24.84826],[121.68855,24.84859],[121.68822,24.84969],[121.68764,24.84988],[121.68562,24.84944],[121.68477,24.84987],[121.6824,24.8502],[121.68176,24.84966],[121.67977,24.84965],[121.67793,24.84906],[121.67784,24.84946],[121.67699,24.84972],[121.67413,24.8489],[121.6731,24.84921],[121.67056,24.84848],[121.66986,24.84797],[121.66541,24.85033],[121.6646,24.84965],[121.66379,24.84972],[121.65941,24.85084],[121.6569,24.84972],[121.65529,24.85096],[121.65289,24.85517],[121.64887,24.85791],[121.64572,24.85936],[121.64479,24.86077],[121.6433,24.86068],[121.64124,24.86199],[121.63999,24.86179],[121.63862,24.86102],[121.63754,24.85931],[121.63654,24.85891],[121.6358,24.85767],[121.63512,24.85747],[121.63402,24.85889],[121.63193,24.85947],[121.62968,24.86149],[121.62588,24.8615],[121.62117,24.8633],[121.62061,24.86324],[121.61948,24.86152],[121.61858,24.86193],[121.61769,24.86182],[121.6154,24.86075],[121.61454,24.86147],[121.60871,24.86317],[121.60082,24.8633],[121.59962,24.86396],[121.59767,24.86423],[121.59697,24.86494],[121.59672,24.86576],[121.59593,24.86629],[121.59214,24.8664],[121.59099,24.86775],[121.59007,24.86947],[121.58842,24.86999],[121.58646,24.87116],[121.58468,24.87273],[121.58037,24.8742],[121.57785,24.87434],[121.57609,24.87519],[121.57383,24.87483],[121.57148,24.87679],[121.57068,24.87688],[121.57046,24.87653],[121.56865,24.87758],[121.56683,24.87698],[121.56459,24.87709],[121.56439,24.87835],[121.56485,24.88059],[121.56426,24.88192],[121.56457,24.88419],[121.56417,24.8867],[121.55937,24.89037],[121.555,24.89155],[121.55177,24.8913],[121.54984,24.8905],[121.54837,24.88884],[121.54654,24.88835],[121.54358,24.89047],[121.54213,24.89225],[121.54031,24.89374],[121.53822,24.89323],[121.53697,24.89216],[121.53568,24.89204],[121.53265,24.88761],[121.52959,24.88511],[121.52637,24.88351],[121.52418,24.88378],[121.52117,24.88338],[121.51757,24.88073],[121.5094,24.87781],[121.50734,24.87643],[121.50599,24.87479],[121.5033,24.87322],[121.50176,24.87282],[121.49944,24.87045],[121.49815,24.87022],[121.49496,24.86856],[121.49405,24.86751],[121.49348,24.8673],[121.49198,24.86524],[121.48869,24.86225],[121.48884,24.86167],[121.49287,24.85659],[121.49278,24.85373],[121.49325,24.8527],[121.49456,24.85169],[121.49566,24.85147],[121.49678,24.85015],[121.49709,24.84826],[121.49646,24.84642],[121.49684,24.84513],[121.4963,24.84196],[121.49486,24.83998],[121.49489,24.83706],[121.49448,24.83649],[121.49056,24.83463],[121.48683,24.83427],[121.48401,24.83143],[121.48357,24.83009],[121.4836,24.82837],[121.48046,24.82405],[121.48049,24.82365],[121.4824,24.8225],[121.483,24.82101],[121.48419,24.81975],[121.4839,24.81818],[121.48249,24.81703],[121.48164,24.81586],[121.47801,24.81598],[121.47575,24.81435],[121.47353,24.81352],[121.47231,24.81003],[121.46977,24.80771],[121.46663,24.80638],[121.46356,24.8062],[121.46175,24.80537],[121.46024,24.80271],[121.45899,24.80133],[121.4583,24.80125],[121.45767,24.80028],[121.45548,24.79876],[121.45585,24.79699],[121.45566,24.79495],[121.45632,24.79297],[121.45619,24.79254],[121.45453,24.79183],[121.45127,24.79186],[121.45035,24.79095],[121.45052,24.7898],[121.44886,24.78837],[121.44948,24.78596],[121.44782,24.78448],[121.44626,24.78199],[121.44394,24.78061],[121.44203,24.78039],[121.44106,24.77961],[121.43911,24.77632],[121.43714,24.77392],[121.43576,24.773],[121.43131,24.77189],[121.42611,24.76757],[121.42379,24.76368],[121.42342,24.76262],[121.42351,24.76164],[121.4247,24.76141],[121.42592,24.76052],[121.42564,24.7584],[121.4267,24.75605],[121.42817,24.75436],[121.42851,24.75345],[121.42854,24.75144],[121.42923,24.75027],[121.42865,24.74823],[121.43033,24.74509],[121.43041,24.74343],[121.43205,24.74215],[121.43276,24.74071],[121.43306,24.73914],[121.43283,24.73739],[121.4331,24.73655],[121.43515,24.73387],[121.43536,24.73273],[121.43415,24.73012],[121.43673,24.72836],[121.43863,24.72645],[121.44007,24.72636],[121.44113,24.72583],[121.44154,24.72311],[121.44495,24.71494],[121.44657,24.7141],[121.44878,24.71216],[121.44888,24.70949],[121.45001,24.70596],[121.45072,24.70538],[121.45269,24.7049],[121.45681,24.70316],[121.46009,24.70267],[121.46153,24.70215],[121.46352,24.7011],[121.46659,24.69804],[121.46961,24.69616],[121.47125,24.69683],[121.47421,24.69592],[121.47482,24.6936],[121.4742,24.69139],[121.47316,24.68974],[121.47397,24.68652],[121.47406,24.68503],[121.47562,24.68335],[121.4756,24.68086],[121.4761,24.67905],[121.4775,24.67789],[121.47973,24.67464],[121.47963,24.67377],[121.48129,24.67434],[121.48404,24.67377],[121.48516,24.67399],[121.48696,24.67524],[121.48824,24.6752],[121.48955,24.67413],[121.49282,24.67313],[121.49333,24.67325],[121.49685,24.67548],[121.49727,24.67657],[121.49856,24.67765],[121.50274,24.67932],[121.50512,24.6795],[121.50711,24.6822],[121.50882,24.68306],[121.5105,24.68344],[121.51198,24.68446],[121.5135,24.68436],[121.5144,24.68338],[121.5239,24.68332],[121.52487,24.68447],[121.52666,24.68487],[121.52701,24.68555],[121.52705,24.68804],[121.52743,24.68889],[121.52801,24.68889],[121.52932,24.68757],[121.53188,24.68773],[121.53308,24.68834],[121.53674,24.68842],[121.53755,24.69005],[121.53751,24.69381],[121.5377,24.69417],[121.53866,24.69439],[121.53868,24.69814],[121.53815,24.69865]]]},"properties":{"TOWNNAME":"烏來區"}}]}